-- MariaDB dump 10.17  Distrib 10.4.14-MariaDB, for Win64 (AMD64)
--
-- Host: localhost    Database: pelatihan_guru_semua
-- ------------------------------------------------------
-- Server version	10.4.14-MariaDB

/*!40101 SET @OLD_CHARACTER_SET_CLIENT=@@CHARACTER_SET_CLIENT */;
/*!40101 SET @OLD_CHARACTER_SET_RESULTS=@@CHARACTER_SET_RESULTS */;
/*!40101 SET @OLD_COLLATION_CONNECTION=@@COLLATION_CONNECTION */;
/*!40101 SET NAMES utf8mb4 */;
/*!40103 SET @OLD_TIME_ZONE=@@TIME_ZONE */;
/*!40103 SET TIME_ZONE='+00:00' */;
/*!40014 SET @OLD_UNIQUE_CHECKS=@@UNIQUE_CHECKS, UNIQUE_CHECKS=0 */;
/*!40014 SET @OLD_FOREIGN_KEY_CHECKS=@@FOREIGN_KEY_CHECKS, FOREIGN_KEY_CHECKS=0 */;
/*!40101 SET @OLD_SQL_MODE=@@SQL_MODE, SQL_MODE='NO_AUTO_VALUE_ON_ZERO' */;
/*!40111 SET @OLD_SQL_NOTES=@@SQL_NOTES, SQL_NOTES=0 */;

--
-- Table structure for table `m_bidangstudi`
--

DROP TABLE IF EXISTS `m_bidangstudi`;
/*!40101 SET @saved_cs_client     = @@character_set_client */;
/*!40101 SET character_set_client = utf8 */;
CREATE TABLE `m_bidangstudi` (
  `id` int(5) unsigned NOT NULL AUTO_INCREMENT,
  `kode` varchar(3) DEFAULT NULL,
  `nama` varchar(30) DEFAULT NULL,
  PRIMARY KEY (`id`),
  UNIQUE KEY `kode` (`kode`)
) ENGINE=InnoDB AUTO_INCREMENT=53 DEFAULT CHARSET=utf8mb4;
/*!40101 SET character_set_client = @saved_cs_client */;

--
-- Dumping data for table `m_bidangstudi`
--

LOCK TABLES `m_bidangstudi` WRITE;
/*!40000 ALTER TABLE `m_bidangstudi` DISABLE KEYS */;
INSERT INTO `m_bidangstudi` VALUES (1,'020','Guru Kelas TK'),(2,'027','Guru Kelas SD'),(3,'097','Ilmu Pengetahuan Alam (IPA)'),(4,'100','Ilmu Pengetahuan Sosial (IPS)'),(5,'154','Pendidikan Pancasila dan Kewar'),(6,'156','Bahasa Indonesia'),(7,'157','Bahasa Inggris'),(8,'160','Bahasa Jerman'),(9,'170','Bahasa Jepang'),(10,'174','Bahasa Mandarin'),(11,'180','Matematika'),(12,'184','Fisika'),(13,'187','Kimia'),(14,'190','Biologi'),(15,'204','Sejarah Indonesia'),(16,'207','Geografi'),(17,'210','Ekonomi'),(18,'214','Sosiologi'),(19,'217','Seni Budaya'),(20,'220','Pendidikan Jasmani Olah Raga d'),(21,'224','Teknologi Informasi dan Komuni'),(22,'330','Keterampilan Komputer dan Peng'),(23,'403','Teknik Konstruksi Batu dan Bet'),(24,'406','Teknik Gambar Bangunan'),(25,'421','Teknik Pengelasan'),(26,'424','Teknik Pemesinan'),(27,'476','Teknik Konstruksi Kapal Baja'),(28,'495','Geologi Pertambangan'),(29,'505','Kimia Industri'),(30,'506','Kimia Analisis'),(31,'509','Nautika Kapal Niaga'),(32,'510','Teknika Kapal Niaga'),(33,'511','Nautika Kapal Penangkap Ikan'),(34,'512','Teknika Kapal Penangkap Ikan'),(35,'524','Rekayasa Perangkat Lunak'),(36,'525','Teknik Komputer dan Jaringan'),(37,'526','Multimedia'),(38,'533','Teknik Audio Video'),(39,'539','Administrasi Perkantoran'),(40,'540','Akuntansi'),(41,'587','Teknik Sepeda Motor'),(42,'615','Pemasaran'),(43,'616','Teknik Furnitur'),(44,'673','Teknik Instalasi Pemanfaatan T'),(45,'698','Tata Busana'),(46,'746','Bahasa Jawa'),(47,'800','Pendidikan Luar Biasa'),(48,'810','Bimbingan dan Konseling (Konse');
/*!40000 ALTER TABLE `m_bidangstudi` ENABLE KEYS */;
UNLOCK TABLES;

--
-- Table structure for table `m_jenis`
--

DROP TABLE IF EXISTS `m_jenis`;
/*!40101 SET @saved_cs_client     = @@character_set_client */;
/*!40101 SET character_set_client = utf8 */;
CREATE TABLE `m_jenis` (
  `id` int(11) unsigned NOT NULL AUTO_INCREMENT,
  `nama` varchar(30) DEFAULT NULL,
  PRIMARY KEY (`id`)
) ENGINE=InnoDB AUTO_INCREMENT=3 DEFAULT CHARSET=utf8mb4;
/*!40101 SET character_set_client = @saved_cs_client */;

--
-- Dumping data for table `m_jenis`
--

LOCK TABLES `m_jenis` WRITE;
/*!40000 ALTER TABLE `m_jenis` DISABLE KEYS */;
INSERT INTO `m_jenis` VALUES (1,'Pengawas'),(2,'Guru');
/*!40000 ALTER TABLE `m_jenis` ENABLE KEYS */;
UNLOCK TABLES;

--
-- Table structure for table `m_jkel`
--

DROP TABLE IF EXISTS `m_jkel`;
/*!40101 SET @saved_cs_client     = @@character_set_client */;
/*!40101 SET character_set_client = utf8 */;
CREATE TABLE `m_jkel` (
  `id` int(5) unsigned NOT NULL AUTO_INCREMENT,
  `kode` char(1) DEFAULT NULL,
  `nama` varchar(30) DEFAULT NULL,
  PRIMARY KEY (`id`),
  UNIQUE KEY `kode` (`kode`)
) ENGINE=InnoDB AUTO_INCREMENT=3 DEFAULT CHARSET=utf8mb4;
/*!40101 SET character_set_client = @saved_cs_client */;

--
-- Dumping data for table `m_jkel`
--

LOCK TABLES `m_jkel` WRITE;
/*!40000 ALTER TABLE `m_jkel` DISABLE KEYS */;
INSERT INTO `m_jkel` VALUES (1,'L','Pria'),(2,'P','Wanita');
/*!40000 ALTER TABLE `m_jkel` ENABLE KEYS */;
UNLOCK TABLES;

--
-- Table structure for table `m_kab`
--

DROP TABLE IF EXISTS `m_kab`;
/*!40101 SET @saved_cs_client     = @@character_set_client */;
/*!40101 SET character_set_client = utf8 */;
CREATE TABLE `m_kab` (
  `id` int(5) unsigned NOT NULL AUTO_INCREMENT,
  `kode` varchar(4) DEFAULT NULL,
  `nama` varchar(30) DEFAULT NULL,
  `id_prov` int(5) unsigned DEFAULT NULL,
  PRIMARY KEY (`id`),
  UNIQUE KEY `kode` (`kode`),
  KEY `kab-prov` (`id_prov`),
  CONSTRAINT `kab-prov` FOREIGN KEY (`id_prov`) REFERENCES `m_prov` (`id`) ON UPDATE CASCADE
) ENGINE=InnoDB AUTO_INCREMENT=505 DEFAULT CHARSET=utf8mb4;
/*!40101 SET character_set_client = @saved_cs_client */;

--
-- Dumping data for table `m_kab`
--

LOCK TABLES `m_kab` WRITE;
/*!40000 ALTER TABLE `m_kab` DISABLE KEYS */;
INSERT INTO `m_kab` VALUES (1,'0101','KAB. KEPULAUAN SERIBU',1),(2,'0160','KOTA JAKARTA PUSAT',1),(3,'0161','KOTA JAKARTA UTARA',1),(4,'0162','KOTA JAKARTA BARAT',1),(5,'0163','KOTA JAKARTA SELATAN',1),(6,'0164','KOTA JAKARTA TIMUR',1),(7,'0205','KAB. BOGOR',2),(8,'0206','KAB. SUKABUMI',2),(9,'0207','KAB. CIANJUR',2),(10,'0208','KAB. BANDUNG',2),(11,'0210','KAB. SUMEDANG',2),(12,'0211','KAB. GARUT',2),(13,'0212','KAB. TASIKMALAYA',2),(14,'0214','KAB. CIAMIS',2),(15,'0215','KAB. KUNINGAN',2),(16,'0216','KAB. MAJALENGKA',2),(17,'0217','KAB. CIREBON',2),(18,'0218','KAB. INDRAMAYU',2),(19,'0219','KAB. SUBANG',2),(20,'0220','KAB. PURWAKARTA',2),(21,'0221','KAB. KARAWANG',2),(22,'0222','KAB. BEKASI',2),(23,'0223','KAB. BANDUNG BARAT',2),(24,'0260','KOTA BANDUNG',2),(25,'0261','KOTA BOGOR',2),(26,'0262','KOTA SUKABUMI',2),(27,'0263','KOTA CIREBON',2),(28,'0265','KOTA BEKASI',2),(29,'0266','KOTA DEPOK',2),(30,'0267','KOTA CIMAHI',2),(31,'0268','KOTA TASIKMALAYA',2),(32,'0269','KOTA BANJAR',2),(33,'0301','KAB. CILACAP',3),(34,'0302','KAB. BANYUMAS',3),(35,'0303','KAB. PURBALINGGA',3),(36,'0304','KAB. BANJARNEGARA',3),(37,'0305','KAB. KEBUMEN',3),(38,'0306','KAB. PURWOREJO',3),(39,'0307','KAB. WONOSOBO',3),(40,'0308','KAB. MAGELANG',3),(41,'0309','KAB. BOYOLALI',3),(42,'0310','KAB. KLATEN',3),(43,'0311','KAB. SUKOHARJO',3),(44,'0312','KAB. WONOGIRI',3),(45,'0313','KAB. KARANGANYAR',3),(46,'0314','KAB. SRAGEN',3),(47,'0315','KAB. GROBOGAN',3),(48,'0316','KAB. BLORA',3),(49,'0317','KAB. REMBANG',3),(50,'0318','KAB. PATI',3),(51,'0319','KAB. KUDUS',3),(52,'0320','KAB. JEPARA',3),(53,'0321','KAB. DEMAK',3),(54,'0322','KAB. SEMARANG',3),(55,'0323','KAB. TEMANGGUNG',3),(56,'0324','KAB. KENDAL',3),(57,'0325','KAB. BATANG',3),(58,'0326','KAB. PEKALONGAN',3),(59,'0327','KAB. PEMALANG',3),(60,'0328','KAB. TEGAL',3),(61,'0329','KAB. BREBES',3),(62,'0360','KOTA MAGELANG',3),(63,'0361','KOTA SURAKARTA',3),(64,'0362','KOTA SALATIGA',3),(65,'0363','KOTA SEMARANG',3),(66,'0364','KOTA PEKALONGAN',3),(67,'0365','KOTA TEGAL',3),(68,'0401','KAB. BANTUL',4),(69,'0402','KAB. SLEMAN',4),(70,'0403','KAB. GUNUNG KIDUL',4),(71,'0404','KAB. KULONPROGO',4),(72,'0460','KOTA YOGYAKARTA',4),(73,'0501','KAB. GRESIK',5),(74,'0502','KAB. SIDOARJO',5),(75,'0503','KAB. MOJOKERTO',5),(76,'0504','KAB. JOMBANG',5),(77,'0505','KAB. BOJONEGORO',5),(78,'0506','KAB. TUBAN',5),(79,'0507','KAB. LAMONGAN',5),(80,'0508','KAB. MADIUN',5),(81,'0509','KAB. NGAWI',5),(82,'0510','KAB. MAGETAN',5),(83,'0511','KAB. PONOROGO',5),(84,'0512','KAB. PACITAN',5),(85,'0513','KAB. KEDIRI',5),(86,'0514','KAB. NGANJUK',5),(87,'0515','KAB. BLITAR',5),(88,'0516','KAB. TULUNGAGUNG',5),(89,'0517','KAB. TRENGGALEK',5),(90,'0518','KAB. MALANG',5),(91,'0519','KAB. PASURUAN',5),(92,'0520','KAB. PROBOLINGGO',5),(93,'0521','KAB. LUMAJANG',5),(94,'0522','KAB. BONDOWOSO',5),(95,'0523','KAB. SITUBONDO',5),(96,'0524','KAB. JEMBER',5),(97,'0525','KAB. BANYUWANGI',5),(98,'0526','KAB. PAMEKASAN',5),(99,'0527','KAB. SAMPANG',5),(100,'0528','KAB. SUMENEP',5),(101,'0529','KAB. BANGKALAN',5),(102,'0560','KOTA SURABAYA',5),(103,'0561','KOTA MALANG',5),(104,'0562','KOTA MADIUN',5),(105,'0563','KOTA KEDIRI',5),(106,'0564','KOTA MOJOKERTO',5),(107,'0565','KOTA BLITAR',5),(108,'0566','KOTA PASURUAN',5),(109,'0567','KOTA PROBOLINGGO',5),(110,'0568','KOTA BATU',5),(111,'0601','KAB. ACEH BESAR',6),(112,'0602','KAB. PIDIE',6),(113,'0603','KAB. ACEH UTARA',6),(114,'0604','KAB. ACEH TIMUR',6),(115,'0605','KAB. ACEH TENGAH',6),(116,'0606','KAB. ACEH BARAT',6),(117,'0607','KAB. ACEH SELATAN',6),(118,'0608','KAB. ACEH TENGGARA',6),(119,'0611','KAB. SIMEULUE',6),(120,'0612','KAB. BIREUEN',6),(121,'0613','KAB. ACEH SINGKIL',6),(122,'0614','KAB. ACEH TAMIANG',6),(123,'0615','KAB. ACEH NAGAN RAYA',6),(124,'0616','KAB. ACEH JAYA',6),(125,'0617','KAB. ACEH BARAT DAYA',6),(126,'0618','KAB. GAYO LUAS',6),(127,'0619','KAB. BENER MERIAH',6),(128,'0620','KAB. PIDIE JAYA',6),(129,'0660','KOTA SABANG',6),(130,'0661','KOTA BANDA ACEH',6),(131,'0662','KOTA LHOKSEUMAWE',6),(132,'0663','KOTA LANGSA',6),(133,'0664','KOTA SUBULUSSALAM',6),(134,'0701','KAB. DELI SERDANG',7),(135,'0702','KAB. LANGKAT',7),(136,'0703','KAB. KARO',7),(137,'0704','KAB. SIMALUNGUN',7),(138,'0705','KAB. DAIRI',7),(139,'0706','KAB. ASAHAN',7),(140,'0707','KAB. LABUHAN BATU',7),(141,'0708','KAB. TAPANULI UTARA',7),(142,'0709','KAB. TAPANULI TENGAH',7),(143,'0710','KAB. TAPANULI SELATAN',7),(144,'0711','KAB. NIAS',7),(145,'0715','KAB. MANDAILING NATAL',7),(146,'0716','KAB. TOBA SAMOSIR',7),(147,'0717','KAB. NIAS SELATAN',7),(148,'0718','KAB. PAKPAK BHARAT',7),(149,'0719','KAB. HUMBANG HASUNDUTAN',7),(150,'0720','KAB. SAMOSIR',7),(151,'0721','KAB. SERDANG BEDAGAI',7),(152,'0722','KAB. BATU BARA',7),(153,'0723','KAB. PADANG LAWAS',7),(154,'0724','KAB. PADANG LAWAS UTARA',7),(155,'0725','KAB. LABUHANBATU UTARA',7),(156,'0726','KAB. LABUHANBATU SELATAN',7),(157,'0727','KAB. NIAS BARAT',7),(158,'0728','KAB. NIAS UTARA',7),(159,'0760','KOTA MEDAN',7),(160,'0761','KOTA BINJAI',7),(161,'0762','KOTA TEBING TINGGI',7),(162,'0763','KOTA PEMATANG SIANTAR',7),(163,'0764','KOTA TANJUNG BALAI',7),(164,'0765','KOTA SIBOLGA',7),(165,'0766','KOTA PADANG SIDEMPUAN',7),(166,'0767','KOTA GUNUNG SITOLI',7),(167,'0801','KAB. AGAM',8),(168,'0802','KAB. PASAMAN',8),(169,'0803','KAB. LIMA PULUH KOTA',8),(170,'0804','KAB. SOLOK',8),(171,'0805','KAB. PADANG PARIAMAN',8),(172,'0806','KAB. PESISIR SELATAN',8),(173,'0807','KAB. TANAH DATAR',8),(174,'0808','KAB. SAWAH LUNTO SIJUNJUNG',8),(175,'0810','KAB. KEPULAUAN MENTAWAI',8),(176,'0811','KAB. SOLOK SELATAN',8),(177,'0812','KAB. DHARMASRAYA',8),(178,'0813','KAB. PASAMAN BARAT',8),(179,'0860','KOTA BUKITTINGGI',8),(180,'0861','KOTA PADANG',8),(181,'0862','KOTA PADANG PANJANG',8),(182,'0863','KOTA SAWAHLUNTO',8),(183,'0864','KOTA SOLOK',8),(184,'0865','KOTA PAYAKUMBUH',8),(185,'0866','KOTA PARIAMAN',8),(186,'0901','KAB. KAMPAR',9),(187,'0902','KAB. BENGKALIS',9),(188,'0904','KAB. INDRAGIRI HULU',9),(189,'0905','KAB. INDRAGIRI HILIR',9),(190,'0908','KAB. PELALAWAN',9),(191,'0909','KAB. ROKAN HULU',9),(192,'0910','KAB. ROKAN HILIR',9),(193,'0911','KAB. SIAK',9),(194,'0914','KAB. KUANTAN SINGINGI',9),(195,'0915','KAB. KEPULAUAN MERANTI',9),(196,'0960','KOTA PEKANBARU',9),(197,'0962','KOTA DUMAI',9),(198,'1001','KAB. BATANGHARI',10),(199,'1002','KAB. BUNGO',10),(200,'1003','KAB. SAROLANGUN',10),(201,'1004','KAB. TANJUNG JABUNG BARAT',10),(202,'1005','KAB. KERINCI',10),(203,'1006','KAB. TEBO',10),(204,'1007','KAB. MUARA JAMBI',10),(205,'1008','KAB. TANJUNG JABUNG TIMUR',10),(206,'1009','KAB. MERANGIN',10),(207,'1060','KOTA JAMBI',10),(208,'1061','KOTA SUNGAI PENUH',10),(209,'1101','KAB. MUSI BANYUASIN',11),(210,'1102','KAB. OGAN KOMERING ILIR',11),(211,'1103','KAB. OGAN KOMERING ULU',11),(212,'1104','KAB. MUARA ENIM',11),(213,'1105','KAB. LAHAT',11),(214,'1106','KAB. MUSI RAWAS',11),(215,'1107','KAB. BANYUASIN',11),(216,'1108','KAB. OKU TIMUR',11),(217,'1109','KAB. OKU SELATAN',11),(218,'1110','KAB. OGAN ILIR',11),(219,'1111','KAB. EMPAT LAWANG',11),(220,'1160','KOTA PALEMBANG',11),(221,'1161','KOTA PRABUMULIH',11),(222,'1162','KOTA LUBUK LINGGAU',11),(223,'1163','KOTA PAGAR ALAM',11),(224,'1201','KAB. LAMPUNG SELATAN',12),(225,'1202','KAB. LAMPUNG TENGAH',12),(226,'1203','KAB. LAMPUNG UTARA',12),(227,'1204','KAB. LAMPUNG BARAT',12),(228,'1205','KAB. TULANG BAWANG',12),(229,'1206','KAB. TANGGAMUS',12),(230,'1207','KAB. LAMPUNG TIMUR',12),(231,'1208','KAB. WAY KANAN',12),(232,'1209','KAB. PESAWARAN',12),(233,'1210','KAB. MESUJI',12),(234,'1211','KAB. PRINGSEWU',12),(235,'1212','KAB. TULANG BAWANG BARAT',12),(236,'1260','KOTA BANDAR LAMPUNG',12),(237,'1261','KOTA METRO',12),(238,'1301','KAB. SAMBAS',13),(239,'1302','KAB. PONTIANAK',13),(240,'1303','KAB. SANGGAU',13),(241,'1304','KAB. SINTANG',13),(242,'1305','KAB. KAPUAS HULU',13),(243,'1306','KAB. KETAPANG',13),(244,'1307','KAB. KAYONG UTARA',13),(245,'1308','KAB. BENGKAYANG',13),(246,'1309','KAB. LANDAK',13),(247,'1310','KAB. MELAWI',13),(248,'1311','KAB. SEKADAU',13),(249,'1312','KAB. KUBU RAYA',13),(250,'1360','KOTA PONTIANAK',13),(251,'1361','KOTA SINGKAWANG',13),(252,'1401','KAB. KAPUAS',14),(253,'1402','KAB. BARITO SELATAN',14),(254,'1403','KAB. BARITO UTARA',14),(255,'1404','KAB. KOTAWARINGIN TIMUR',14),(256,'1405','KAB. KOTAWARINGIN BARAT',14),(257,'1406','KAB. KATINGAN',14),(258,'1407','KAB. SERUYAN',14),(259,'1408','KAB. SUKAMARA',14),(260,'1409','KAB. LAMANDAU',14),(261,'1410','KAB. GUNUNG MAS',14),(262,'1411','KAB. PULANG PISAU',14),(263,'1412','KAB. MURUNG RAYA',14),(264,'1413','KAB. BARITO TIMUR',14),(265,'1460','KOTA PALANGKARAYA',14),(266,'1501','KAB. BANJAR',15),(267,'1502','KAB. TANAH LAUT',15),(268,'1503','KAB. BARITO KUALA',15),(269,'1504','KAB. TAPIN',15),(270,'1505','KAB. HULU SUNGAI SELATAN',15),(271,'1506','KAB. HULU SUNGAI TENGAH',15),(272,'1507','KAB. HULU SUNGAI UTARA',15),(273,'1508','KAB. TABALONG',15),(274,'1509','KAB. KOTABARU',15),(275,'1510','KAB. BALANGAN',15),(276,'1511','KAB. TANAH BUMBU',15),(277,'1560','KOTA BANJARMASIN',15),(278,'1561','KOTA BANJARBARU',15),(279,'1601','KAB. PASER',16),(280,'1602','KAB. KUTAI KARTANEGARA',16),(281,'1603','KAB. BERAU',16),(282,'1604','KAB. BULONGAN',16),(283,'1607','KAB. MALINAU',16),(284,'1608','KAB. NUNUKAN',16),(285,'1609','KAB. KUTAI BARAT',16),(286,'1610','KAB. KUTAI TIMUR',16),(287,'1611','KAB. PENAJAM PASER UTARA',16),(288,'1612','KAB. TANA TIDUNG',16),(289,'1660','KOTA SAMARINDA',16),(290,'1661','KOTA BALIKPAPAN',16),(291,'1662','KOTA TARAKAN',16),(292,'1663','KOTA BONTANG',16),(293,'1701','KAB. BOLAANG MONGONDOW',17),(294,'1702','KAB. MINAHASA',17),(295,'1703','KAB. KEPULAUAN SANGIHE ',17),(296,'1704','KAB. KEPULAUAN TALAUD',17),(297,'1705','KAB. MINAHASA SELATAN',17),(298,'1706','KAB. MINAHASA UTARA',17),(299,'1707','KAB. MINAHASA TENGGARA',17),(300,'1708','KAB. BOLAANG MONGONDOW UTARA',17),(301,'1709','KAB. KEPULAUAN SITARO',17),(302,'1710','Kab. Minahasa Tenggara',17),(303,'1711','KAB. BOLAANG MONGONDOW TIMUR',17),(304,'1712','KAB. BOLAANG MONGONDOW SELATAN',17),(305,'1760','KOTA MANADO',17),(306,'1761','KOTA BITUNG',17),(307,'1762','KOTA TOMOHON',17),(308,'1763','KOTA KOTAMOBAGU',17),(309,'1801','KAB. BANGGAI KEPULAUAN',18),(310,'1802','KAB. DONGGALA',18),(311,'1803','KAB. POSO',18),(312,'1804','KAB. BANGGAI',18),(313,'1805','KAB. BUOL',18),(314,'1806','KAB. TOLI TOLI',18),(315,'1807','KAB. MOROWALI',18),(316,'1808','KAB. PARIGI MUOTONG',18),(317,'1809','KAB. TOJO UNA-UNA',18),(318,'1810','KAB. SIGI',18),(319,'1860','KOTA PALU',18),(320,'1901','KAB. MAROS',19),(321,'1902','KAB. PANGKAJENE KEPULAUAN',19),(322,'1903','KAB. GOWA',19),(323,'1904','KAB. TAKALAR',19),(324,'1905','KAB. JENEPONTO',19),(325,'1906','KAB. BARRU',19),(326,'1907','KAB. BONE',19),(327,'1908','KAB. WAJO',19),(328,'1909','KAB. SOPPENG',19),(329,'1910','KAB. BANTAENG',19),(330,'1911','KAB. BULUKUMBA',19),(331,'1912','KAB. SINJAI',19),(332,'1913','KAB. SELAYAR',19),(333,'1914','KAB. PINRANG',19),(334,'1915','KAB. SIDENRENG RAPPANG',19),(335,'1916','KAB. ENREKANG',19),(336,'1917','KAB. LUWU',19),(337,'1918','KAB. TANA TORAJA',19),(338,'1924','KAB. LUWU UTARA',19),(339,'1926','KAB. LUWU TIMUR',19),(340,'1927','KAB. TORAJA UTARA',19),(341,'1960','KOTA MAKASAR',19),(342,'1961','KOTA PARE PARE',19),(343,'1962','KOTA PALOPO',19),(344,'2001','KAB. KONAWE',20),(345,'2002','KAB. MUNA',20),(346,'2003','KAB. BUTON',20),(347,'2004','KAB. KOLAKA',20),(348,'2005','KAB. KONAWE SELATAN',20),(349,'2006','KAB. WAKATOBI',20),(350,'2007','KAB. BOMBANA',20),(351,'2008','KAB. KOLAKA UTARA',20),(352,'2009','KAB. KONAWE UTARA',20),(353,'2010','KAB. BUTON UTARA',20),(354,'2015','KAB. BUTON TENGAH',20),(355,'2060','KOTA KENDARI',20),(356,'2061','KOTA BAU-BAU',20),(357,'2101','KAB. MALUKU TENGAH',21),(358,'2102','KAB. MALUKU TENGGARA',21),(359,'2103','KAB. BURU',21),(360,'2104','KAB. MALUKU TENGGARA BARAT',21),(361,'2105','KAB. SERAM BAGIAN BARAT',21),(362,'2106','KAB. SERAM BAGIAN TIMUR',21),(363,'2107','KAB. KEPULAUAN ARU',21),(364,'2108','KAB. BURU SELATAN',21),(365,'2109','KAB. MALUKU BARAT DAYA',21),(366,'2160','KOTA AMBON',21),(367,'2161','KOTA TUAL',21),(368,'2201','KAB. BULELENG',22),(369,'2202','KAB. JEMBRANA',22),(370,'2203','KAB. TABANAN',22),(371,'2204','KAB. BADUNG',22),(372,'2205','KAB. GIANYAR',22),(373,'2206','KAB. KLUNGKUNG',22),(374,'2207','KAB. BANGLI',22),(375,'2208','KAB. KARANG ASEM',22),(376,'2260','KOTA DENPASAR',22),(377,'2301','KAB. LOMBOK BARAT',23),(378,'2302','KAB. LOMBOK TENGAH',23),(379,'2303','KAB. LOMBOK TIMUR',23),(380,'2304','KAB. SUMBAWA',23),(381,'2305','KAB. DOMPU',23),(382,'2306','KAB. BIMA',23),(383,'2307','KAB. SUMBAWA BARAT',23),(384,'2308','KAB. LOMBOK UTARA',23),(385,'2360','KOTA MATARAM',23),(386,'2361','KOTA BIMA',23),(387,'2401','KAB. KUPANG',24),(388,'2403','KAB. TIMOR TENGAH SELATAN',24),(389,'2404','KAB. TIMOR TENGAH UTARA',24),(390,'2405','KAB. BELU',24),(391,'2406','KAB. ALOR',24),(392,'2407','KAB. FLORES TIMUR',24),(393,'2408','KAB. SIKKA',24),(394,'2409','KAB. ENDE',24),(395,'2410','KAB. NGADA',24),(396,'2411','KAB. MANGGARAI',24),(397,'2412','KAB. SUMBA TIMUR',24),(398,'2413','KAB. SUMBA BARAT',24),(399,'2414','KAB. LEMBATA',24),(400,'2415','KAB. ROTE NDAO',24),(401,'2416','KAB. MANGGARAI BARAT',24),(402,'2417','KAB. NAGEKEO',24),(403,'2418','KAB. SUMBA TENGAH',24),(404,'2419','KAB. SUMBA BARAT DAYA',24),(405,'2420','KAB. MANGGARAI TIMUR',24),(406,'2421','KAB. SABU RAIJUA',24),(407,'2422','KAB. MALAKA',24),(408,'2460','KOTA KUPANG',24),(409,'2501','KAB. JAYA PURA',25),(410,'2502','KAB. BIAK NUMFOR',25),(411,'2503','KAB. KEPULAUAN YAPEN',25),(412,'2507','KAB. MARAUKE',25),(413,'2508','KAB. JAYAWIJAYA',25),(414,'2509','KAB. NABIRE',25),(415,'2510','KAB. PANIAI',25),(416,'2511','KAB. PUNCAK JAYA',25),(417,'2512','KAB. MIMIKA',25),(418,'2513','KAB. BOVEN DIGUL',25),(419,'2514','KAB. MAPPI',25),(420,'2515','KAB. ASMAT',25),(421,'2516','Kab. Yahukimo',25),(422,'2517','KAB. PEGUNUNGAN BINTANG',25),(423,'2518','KAB. TOLIKARA',25),(424,'2519','KAB. SARMI',25),(425,'2520','KAB. KEEROM',25),(426,'2526','KAB. WAROPEN',25),(427,'2527','KAB. SUPIORI',25),(428,'2528','KAB. MEMBERANO RAYA',25),(429,'2529','Kab. Memberano Tengah',25),(430,'2530','Kab. Nduga Tengah',25),(431,'2531','Kab. Yalimo',25),(432,'2532','Kab. Puncak',25),(433,'2533','KAB. DOGIYAI',25),(434,'2534','KAB. LANNY JAYA',25),(435,'2535','Kab. Deiyai',25),(436,'2536','KAB. INTAN JAYA',25),(437,'2560','KOTA JAYAPURA',25),(438,'2601','KAB. BENGKULU UTARA',26),(439,'2602','KAB. REJANG LEBONG',26),(440,'2603','KAB. BENGKULU SELATAN',26),(441,'2604','KAB. MUKO-MUKO',26),(442,'2605','KAB. KEPAHIANG',26),(443,'2606','KAB. LEBONG',26),(444,'2607','KAB. KAUR',26),(445,'2608','KAB. SELUMA',26),(446,'2609','KAB. BENGKULU TENGAH',26),(447,'2660','KOTA BENGKULU',26),(448,'2702','KAB. HALMAHERA TENGAH',27),(449,'2703','KAB. HALMAHERA BARAT',27),(450,'2704','KAB. HALMAHERA UTARA',27),(451,'2705','KAB. HALMAHERA SELATAN',27),(452,'2706','KAB. HALMAHERA TIMUR',27),(453,'2707','KAB. KEPULAUAN SULA',27),(454,'2708','KAB. MOROTAI',27),(455,'2760','KOTA TERNATE',27),(456,'2761','KOTA TIDORE KEPULAUAN',27),(457,'2801','KAB. PANDEGLANG',28),(458,'2802','KAB. LEBAK',28),(459,'2803','KAB. TANGERANG',28),(460,'2804','KAB. SERANG',28),(461,'2860','KOTA CILEGON',28),(462,'2861','KOTA TANGERANG',28),(463,'2862','KOTA SERANG',28),(464,'2863','KOTA TANGERANG SELATAN',28),(465,'2901','KAB. BANGKA',29),(466,'2902','KAB. BELITUNG',29),(467,'2903','KAB. BANGKA TENGAH',29),(468,'2904','KAB. BANGKA BARAT',29),(469,'2905','KAB. BANGKA SELATAN',29),(470,'2906','KAB. BELITUNG TIMUR',29),(471,'2960','KOTA PANGKAL PINANG',29),(472,'3001','KAB. BOALEMO',30),(473,'3002','KAB. GORONTALO',30),(474,'3003','KAB. POUWATO',30),(475,'3004','KAB. BONEBOLANGO',30),(476,'3005','KAB. GORONTALO UTARA',30),(477,'3060','KOTA GORONTALO',30),(478,'3101','KAB. BINTAN',31),(479,'3102','KAB. KARIMUN',31),(480,'3103','KAB. NATUNA',31),(481,'3104','KAB. LINGGA',31),(482,'3105','KAB. KEPULAUAN ANAMBAS',31),(483,'3160','KOTA BATAM',31),(484,'3161','KOTA TANJUNG PINANG',31),(485,'3201','KAB. FAK-FAK',32),(486,'3202','KAB. SORONG',32),(487,'3203','KAB. MANOKWARI',32),(488,'3204','KAB. KAIMANA',32),(489,'3205','KAB. SORONG SELATAN',32),(490,'3206','KAB. RAJA AMPAT',32),(491,'3207','KAB. TELUK BINTUNI',32),(492,'3208','KAB. TELUK WONDAMA',32),(493,'3209','KAB. TAMBRAUW',32),(494,'3210','KAB. MAYBRAT',32),(495,'3260','KOTA SORONG',32),(496,'3301','KAB. MAMUJU',33),(497,'3302','KAB. MAMUJU UTARA',33),(498,'3303','KAB. POLEWALI',33),(499,'3304','KAB. MAMASA',33),(500,'3305','KAB. MAJENE',33),(501,'3401','KAB. BULUNGAN',34),(502,'3402','KAB. MALINAU',34),(503,'3460','KOTA TARAKAN',34),(504,'1313','KAB. MEMPAWAH',13);
/*!40000 ALTER TABLE `m_kab` ENABLE KEYS */;
UNLOCK TABLES;

--
-- Table structure for table `m_kepeg`
--

DROP TABLE IF EXISTS `m_kepeg`;
/*!40101 SET @saved_cs_client     = @@character_set_client */;
/*!40101 SET character_set_client = utf8 */;
CREATE TABLE `m_kepeg` (
  `id` int(11) unsigned NOT NULL AUTO_INCREMENT,
  `nama` varchar(30) DEFAULT NULL,
  PRIMARY KEY (`id`)
) ENGINE=InnoDB AUTO_INCREMENT=3 DEFAULT CHARSET=utf8mb4;
/*!40101 SET character_set_client = @saved_cs_client */;

--
-- Dumping data for table `m_kepeg`
--

LOCK TABLES `m_kepeg` WRITE;
/*!40000 ALTER TABLE `m_kepeg` DISABLE KEYS */;
INSERT INTO `m_kepeg` VALUES (1,'PNS'),(2,'NonPNS');
/*!40000 ALTER TABLE `m_kepeg` ENABLE KEYS */;
UNLOCK TABLES;

--
-- Table structure for table `m_prov`
--

DROP TABLE IF EXISTS `m_prov`;
/*!40101 SET @saved_cs_client     = @@character_set_client */;
/*!40101 SET character_set_client = utf8 */;
CREATE TABLE `m_prov` (
  `id` int(5) unsigned NOT NULL AUTO_INCREMENT,
  `kode` varchar(2) DEFAULT NULL,
  `nama` varchar(30) DEFAULT NULL,
  PRIMARY KEY (`id`),
  UNIQUE KEY `kode` (`kode`)
) ENGINE=InnoDB AUTO_INCREMENT=35 DEFAULT CHARSET=utf8mb4;
/*!40101 SET character_set_client = @saved_cs_client */;

--
-- Dumping data for table `m_prov`
--

LOCK TABLES `m_prov` WRITE;
/*!40000 ALTER TABLE `m_prov` DISABLE KEYS */;
INSERT INTO `m_prov` VALUES (1,'01','DKI JAKARTA'),(2,'02','JAWA BARAT'),(3,'03','JAWA TENGAH'),(4,'04','DI YOGYAKARTA'),(5,'05','JAWA TIMUR'),(6,'06','NANGGROE ACEH DARUSSALAM'),(7,'07','SUMATERA UTARA'),(8,'08','SUMATERA BARAT'),(9,'09','RIAU'),(10,'10','JAMBI'),(11,'11','SUMATERA SELATAN'),(12,'12','LAMPUNG'),(13,'13','KALIMANTAN BARAT'),(14,'14','KALIMANTAN TENGAH'),(15,'15','KALIMANTAN SELATAN'),(16,'16','KALIMANTAN TIMUR'),(17,'17','SULAWESI UTARA'),(18,'18','SULAWESI TENGAH'),(19,'19','SULAWESI SELATAN'),(20,'20','SULAWESI TENGGARA'),(21,'21','MALUKU'),(22,'22','BALI'),(23,'23','NUSA TENGGARA BARAT'),(24,'24','NUSA TENGGARA TIMUR'),(25,'25','PAPUA'),(26,'26','BENGKULU'),(27,'27','MALUKU UTARA'),(28,'28','BANTEN'),(29,'29','BANGKA BELITUNG'),(30,'30','GORONTALO'),(31,'31','KEPULAUAN RIAU'),(32,'32','PAPUA BARAT'),(33,'33','SULAWESI BARAT'),(34,'34','KALIMANTAN TIMUR');
/*!40000 ALTER TABLE `m_prov` ENABLE KEYS */;
UNLOCK TABLES;

--
-- Table structure for table `peserta`
--

DROP TABLE IF EXISTS `peserta`;
/*!40101 SET @saved_cs_client     = @@character_set_client */;
/*!40101 SET character_set_client = utf8 */;
CREATE TABLE `peserta` (
  `id` int(10) unsigned NOT NULL AUTO_INCREMENT,
  `noinduk` varchar(13) DEFAULT NULL,
  `nama` varchar(255) DEFAULT NULL,
  `tmt` date DEFAULT NULL,
  `tmp_lhr` varchar(255) DEFAULT NULL,
  `tgl_lhr` date DEFAULT NULL,
  `email` varchar(255) DEFAULT NULL,
  `phone` varchar(255) DEFAULT NULL,
  `pass` varchar(255) DEFAULT NULL,
  `id_jkel` int(5) unsigned DEFAULT NULL,
  `id_kepeg` int(5) unsigned DEFAULT NULL,
  `id_jenis` int(5) unsigned DEFAULT NULL,
  `id_bidangstudi` int(5) unsigned DEFAULT NULL,
  `id_kab` int(5) unsigned DEFAULT NULL,
  PRIMARY KEY (`id`),
  UNIQUE KEY `noinduk` (`noinduk`),
  KEY `peserta-bidangstudi` (`id_bidangstudi`),
  KEY `peserta-kab` (`id_kab`),
  KEY `peserta-jkel` (`id_jkel`),
  KEY `peserta-kepeg` (`id_kepeg`),
  KEY `peserta-jenis` (`id_jenis`),
  CONSTRAINT `peserta-bidangstudi` FOREIGN KEY (`id_bidangstudi`) REFERENCES `m_bidangstudi` (`id`) ON UPDATE CASCADE,
  CONSTRAINT `peserta-jenis` FOREIGN KEY (`id_jenis`) REFERENCES `m_jenis` (`id`) ON UPDATE CASCADE,
  CONSTRAINT `peserta-jkel` FOREIGN KEY (`id_jkel`) REFERENCES `m_jkel` (`id`) ON UPDATE CASCADE,
  CONSTRAINT `peserta-kab` FOREIGN KEY (`id_kab`) REFERENCES `m_kab` (`id`) ON UPDATE CASCADE,
  CONSTRAINT `peserta-kepeg` FOREIGN KEY (`id_kepeg`) REFERENCES `m_kepeg` (`id`) ON UPDATE CASCADE
) ENGINE=InnoDB AUTO_INCREMENT=1215 DEFAULT CHARSET=utf8mb4;
/*!40101 SET character_set_client = @saved_cs_client */;

--
-- Dumping data for table `peserta`
--

LOCK TABLES `peserta` WRITE;
/*!40000 ALTER TABLE `peserta` DISABLE KEYS */;
INSERT INTO `peserta` VALUES (1,'1401615090367','TRI HARTINI','2001-07-16','Lumajang','1963-07-22',NULL,NULL,'603173',2,1,2,31,3),(2,'1401615091628','SUANAN','2000-06-20','Pati','1976-06-14',NULL,NULL,'191834',1,2,2,31,3),(3,'1402075110804','JONNY PRASETYO','2005-07-12','Dompu','1978-01-06',NULL,NULL,'814328',1,2,2,33,9),(4,'1402195090635','MAWARSIH','2003-07-24','Surabaya','1972-11-19',NULL,NULL,'917547',2,1,2,31,19),(5,'1402651743870','MUSLIMIN','2004-07-19','Malang','1978-07-22',NULL,NULL,'197967',1,1,2,10,28),(6,'1403016730315','RUHANAH','2004-02-04','Gresik','1985-11-29',NULL,NULL,'310703',2,2,2,44,33),(7,'1403016732815','SRI ADMINI','2004-07-14','MANEFU','1978-07-27',NULL,NULL,'595351',2,1,2,44,33),(8,'1403104031086','WINOTO TEGUH UTOMO','1988-03-01','Madiun','1964-03-31',NULL,NULL,'643172',1,2,2,23,42),(9,'1403104031248','SRI SUNDARI','2003-06-01','Surabaya','1966-12-30',NULL,NULL,'281894',2,2,2,23,42),(10,'1403104032405','MADE NOER KARTIKASARI','1997-01-01','Sumba Barat','1963-07-05',NULL,NULL,'829274',2,2,2,23,42),(11,'1403104032990','SOLIKIN','2005-01-01','Gresik','1970-08-10',NULL,NULL,'557663',1,2,2,23,42),(12,'1403136730731','SETIYAWATI','2001-07-17','Malang','1970-02-04',NULL,NULL,'471665',2,2,2,44,45),(13,'1403146731118','ENDANG SUNARMI','2005-03-22','Pamekasan','1981-05-15',NULL,NULL,'632839',2,1,2,44,46),(14,'1403154030786','SUTOYO','2005-07-01','Gresik','1984-02-05',NULL,NULL,'424571',1,1,2,23,47),(15,'1403156731562','SALAMUN','2005-07-01','Gresik','1978-04-09',NULL,NULL,'387936',1,1,2,44,47),(16,'1403175120650','ANUGERAH BUDI SETIADA','2005-09-01','BIMA','1977-12-16',NULL,NULL,'979283',1,2,2,34,49),(17,'1403188000175','SUTIASIH','2005-01-01','Surabaya','1971-10-07',NULL,NULL,'797252',2,2,2,47,50),(18,'1403188001805','JULIASTUTI','2003-06-01','Gununggangsir','1964-12-11',NULL,NULL,'706977',2,2,2,47,50),(19,'1403196730231','HURIDA','2005-07-12','Kupang','1980-09-24',NULL,NULL,'191454',2,2,2,44,51),(20,'1403196731341','NIKMA YUKHA','2000-07-16','Gresik','1976-02-20',NULL,NULL,'184665',2,2,2,44,51),(21,'1403226732033','LAMINURSRI','2005-07-01','Tuban','1985-06-10',NULL,NULL,'151040',2,1,2,44,54),(22,'1403245111682','NUR CHOIRIAH','2005-07-17','Surabaya','1979-12-15',NULL,NULL,'490429',2,1,2,33,56),(23,'1403255120277','NURHAYATI','2004-01-01','Sumba Barat Daya','1971-03-03',NULL,NULL,'949783',2,1,2,34,57),(24,'1403285101807','ERDIAN MARINA WAHYUNI','1981-03-01','Gresik','1963-05-12',NULL,NULL,'558779',2,2,1,32,60),(25,'1403286731821','ROFUD','2000-07-17','Gresik','1976-10-11',NULL,NULL,'645609',1,1,2,44,60),(26,'1403634760159','ERWANTORO','1989-07-31','Sidoarjo','1965-01-10',NULL,NULL,'417812',1,1,2,27,65),(27,'1403636732356','KASMIRAH','2004-07-01','Malang','1972-04-16',NULL,NULL,'748864',2,1,2,44,65),(28,'1403655110481','EKO SUDONO','2002-07-15','Gresik','1975-01-02',NULL,NULL,'837418',1,1,2,33,67),(29,'1403656730570','YAYUK SUNYATANINGDYAH','2001-07-01','Surabaya','1975-06-01',NULL,NULL,'210715',2,1,2,44,67),(30,'1403656730726','NOER HIDAJAT','1998-07-14','Trenggalek','1976-04-14',NULL,NULL,'474107',1,1,2,44,67),(31,'1404046731004','SULASTRI','2002-07-01','Gresik','1982-03-14',NULL,NULL,'159026',2,2,2,44,71),(32,'1405010270003','AYARCHI','2003-06-01','UBUNG','1974-12-31',NULL,NULL,'697203',1,2,2,2,73),(33,'1405010200011','ZAKARIYA','2005-10-01','Kebumen','1982-08-29',NULL,NULL,'470333',1,1,2,1,73),(34,'1405010200014','SITI QOLIFAH','2005-07-15','Lombok Tengah','1970-12-31',NULL,NULL,'614435',2,1,2,1,73),(35,'1405010270021','SUPARJO','2003-03-01','Yogyakarta','1979-05-25',NULL,NULL,'724945',1,2,2,2,73),(36,'1405011900029','ISTIKOMAH','2004-07-17','Pacitan','1984-10-01',NULL,NULL,'818231',2,1,2,14,73),(37,'1405010270030','SUWARNO','2004-06-01','Gresik','1979-09-12',NULL,NULL,'247427',1,1,2,2,73),(38,'1405010270048','MINA SOVIANI','2000-07-18','Gresik','1973-09-23',NULL,NULL,'677449',2,2,2,2,73),(39,'1405010200053','WILUJENG RIWAYATININGSIH','2004-06-17','Sampang','1980-09-20',NULL,NULL,'605599',2,1,2,1,73),(40,'1405010270084','SRIANAH','2005-07-15','Gresik','1985-05-09',NULL,NULL,'439036',2,1,2,2,73),(41,'1405010200092','SUTARTO','2005-06-01','Baranusa','1979-04-05',NULL,NULL,'219774',1,1,2,1,73),(42,'1405012200099','ARDIANI PURWANINGSIH','2004-07-01','Malang','1973-09-02',NULL,NULL,'608321',2,1,2,20,73),(43,'1405012040119','CAHYANTI LUSIANDARI','2005-07-19','Ponorogo','1981-12-15',NULL,NULL,'142565',2,2,2,15,73),(44,'1405011000130','SUCI RAHAYU','2004-06-01','Gresik','1978-03-21',NULL,NULL,'957615',2,1,2,4,73),(45,'1405010200133','ESTUNINGSIH','2005-11-10','Gresik','1982-11-17',NULL,NULL,'127616',2,2,2,1,73),(46,'1405011000134','NINIS EKO PUJIYATI','2003-07-01','Pontianak','1968-08-14',NULL,NULL,'621957',2,2,2,4,73),(47,'1405010270147','ZAINUDIN','2005-08-22','Tangerang','1981-10-08',NULL,NULL,'614974',1,2,2,2,73),(48,'1405010200158','SAMURI','1991-07-01','Gresik','1970-04-16',NULL,NULL,'257366',1,2,2,1,73),(49,'1405011870162','NARISIN','1998-07-22','Sumba Barat','1964-04-14',NULL,NULL,'397165',1,2,2,13,73),(50,'1405010200174','SRI INDAHWATI','2000-01-05','Surabaya','1976-04-28',NULL,NULL,'639473',2,1,2,1,73),(51,'1405010270198','SOENDARI','1987-07-01','Surabaya','1967-01-28',NULL,NULL,'760359',2,2,1,2,73),(52,'1405010270216','WIWIK BUDIARTI','2002-07-01','Gresik','1976-12-23',NULL,NULL,'757854',2,2,2,2,73),(53,'1405010270225','SUSIANINGSIH','2002-04-01','Klaten','1978-12-02',NULL,NULL,'984211',2,2,2,2,73),(54,'1405010200226','UMI MALIHAH','1985-04-01','Surabaya','1960-07-10',NULL,NULL,'588281',2,2,1,1,73),(55,'1405010200234','SAMSON','2004-09-18','Ngada','1976-04-30',NULL,NULL,'335906',1,1,2,1,73),(56,'1405010270237','SITI MAISYAROH','2005-07-17','Jakarta','1978-09-17',NULL,NULL,'701196',2,1,2,2,73),(57,'1405010270245','MASYHUDAH','1985-03-01','Gresik','1964-07-08',NULL,NULL,'536024',2,2,1,2,73),(58,'1405010270251','MISNAN','2005-07-16','Trenggalek','1982-03-03',NULL,NULL,'365823',1,1,2,2,73),(59,'1405011800252','CHUSNUL CHOTIMAH','1999-07-07','Gresik','1972-04-10',NULL,NULL,'344655',2,1,2,11,73),(60,'1405010200258','NISWATIN','1986-08-03','Surabaya','1963-04-02',NULL,NULL,'681457',2,2,1,1,73),(61,'1405010270260','ACHMAD FANANI','2000-07-16','Ngada','1973-04-15',NULL,NULL,'388555',1,1,2,2,73),(62,'1405018000267','EDI EKO SWASONO','2001-07-16','Kediri','1971-02-08',NULL,NULL,'730463',1,2,2,47,73),(63,'1405010200272','SUPRIYANTO','1992-08-31','Surabaya','1970-03-02',NULL,NULL,'925133',1,2,2,1,73),(64,'1405011800274','KHUSNUL KHOTIMAH','1997-07-27','Surabaya','1968-12-02',NULL,NULL,'192730',2,1,2,11,73),(65,'1405010200277','M. ABDULLAH KAMALUDDIN','2000-07-15','Surabaya','1963-10-11',NULL,NULL,'960936',1,1,2,1,73),(66,'1405010200290','PUJI PANGESTI','2004-08-16','Gresik','1971-06-28',NULL,NULL,'555810',2,2,2,1,73),(67,'1405010970292','SETIYORINI','2005-07-18','ATENGMELANG','1979-01-23',NULL,NULL,'237092',2,1,2,3,73),(68,'1405010200306','LILIS FIRMAYANI','2003-07-16','LEMA','1970-05-29',NULL,NULL,'214061',2,2,2,1,73),(69,'1405012200314','MUKRIM','1989-03-01','Malang','1963-08-01',NULL,NULL,'140554',1,2,1,20,73),(70,'1405010200318','DIDIK SUWANTO','1989-03-01','Surabaya','1961-11-10',NULL,NULL,'566468',1,2,2,1,73),(71,'1405010270319','YULINA HERDIYANTI','2005-01-01','Jakarta','1970-03-23',NULL,NULL,'325558',2,2,2,2,73),(72,'1405012200325','SRI WIGATI','2001-06-30','Jakarta','1970-09-15',NULL,NULL,'889390',2,1,2,20,73),(73,'1405010200333','BAHRUL ULM','2004-07-17','Surabaya','1977-11-14',NULL,NULL,'882640',1,1,2,1,73),(74,'1405011000349','SITI AROFAH','2005-07-15','Surabaya','1973-10-28',NULL,NULL,'359871',2,1,2,4,73),(75,'1405010200354','YANTI NURSANA','1995-07-01','Jember','1970-02-14',NULL,NULL,'802997',2,1,2,1,73),(76,'1405018100356','LILIK AZIZAH','1985-07-01','Gresik','1963-01-07',NULL,NULL,'721156',2,2,1,48,73),(77,'1405010200357','KHOIRULLAH NUR ELIFI','2005-01-15','SALA','1973-05-04',NULL,NULL,'461333',1,1,2,1,73),(78,'1405010200367','SUSI ANINGATI','2004-01-01','SEBA','1977-10-18',NULL,NULL,'530010',2,1,2,1,73),(79,'1405010200368','SUGENG','2002-07-15','SIDOARJO','1982-10-09',NULL,NULL,'369054',1,2,2,1,73),(80,'1405010200419','RUSDIYANTO','1987-03-01','Blitar','1961-09-30',NULL,NULL,'737156',1,2,2,1,73),(81,'1405010200420','DWI WAHYUWINARNI','2004-10-01','Gresik','1983-05-15',NULL,NULL,'873529',2,2,2,1,73),(82,'1405010270427','SUAIBATUL ASLAMEYAH','1986-03-01','Yogyakarta','1965-11-10',NULL,NULL,'941659',2,1,1,2,73),(83,'1405011560435','SAMSUTI','1981-02-01','Banjarmasin','1958-09-30',NULL,NULL,'204538',2,2,1,6,73),(84,'1405010200456','RUPINI P','2005-07-01','Gresik','1985-02-03',NULL,NULL,'410257',2,1,2,1,73),(85,'1405011560457','SULISTYONINGSIH','2005-07-11','Cilegon','1979-05-22',NULL,NULL,'379772',2,1,2,6,73),(86,'1405010200476','GANDUNG ISTANTO','1992-06-20','Gresik','1962-12-04',NULL,NULL,'368278',1,1,2,1,73),(87,'1405012200494','UMI BARIROH','2002-07-13','Lahat','1971-10-06',NULL,NULL,'821697',2,2,2,20,73),(88,'1405010200498','SITI MAHMUDAH','2006-01-01','Boyolali','1975-12-20',NULL,NULL,'677367',2,1,2,1,73),(89,'1405010200500','NURYONO','2004-07-17','Gresik','1981-06-09',NULL,NULL,'959634',1,1,2,1,73),(90,'1405010200504','ANOM SOEROTO','1991-03-01','Surabaya','1970-01-25',NULL,NULL,'332018',1,2,2,1,73),(91,'1405010200522','SRI PUJI ASTUTIK','2005-04-01','Lamongan','1984-02-11',NULL,NULL,'628118',2,1,2,1,73),(92,'1405010270526','LUTFY OCTARI','1993-01-01','Surabaya','1963-09-26',NULL,NULL,'475398',1,1,2,2,73),(93,'1405012200531','ANI KURNIAWATI','1986-06-01','SURABAYA','1959-03-23',NULL,NULL,'358797',2,1,1,20,73),(94,'1405011000554','BAYU PRIHATMANTO','1989-11-01','Jakarta','1966-03-31',NULL,NULL,'308320',1,1,2,4,73),(95,'1405010200559','SUNARTI','2002-07-16','Gresik','1978-11-26',NULL,NULL,'229645',2,2,2,1,73),(96,'1405010200561','SUPARNI','2004-08-04','Gresik','1981-04-25',NULL,NULL,'703716',2,2,2,1,73),(97,'1405010200593','HARSONO','2005-07-17','Gresik','1977-02-23',NULL,NULL,'414577',1,1,2,1,73),(98,'1405010270603','SITI RAHAYU','2004-08-16','Gresik','1967-07-22',NULL,NULL,'396456',2,2,2,2,73),(99,'1405010270605','RUMIATI','2002-07-01','Surabaya','1982-03-22',NULL,NULL,'909033',2,2,2,2,73),(100,'1405010270609','SODIN','1991-04-01','Surabaya','1967-06-19',NULL,NULL,'796301',1,2,2,2,73),(101,'1405010200611','RACHMALLA ESAPUTRI RESPATI','1995-07-10','SURABAYA','1966-04-02',NULL,NULL,'788732',2,2,2,1,73),(102,'1405012140623','PARSILAN','2002-07-20','Gresik','1983-07-22',NULL,NULL,'199170',1,2,2,18,73),(103,'1405011840626','TJITJIK AGUSTUNINGSIH','2000-07-01','Brebes','1972-08-19',NULL,NULL,'453992',2,2,2,12,73),(104,'1405011800658','DIDIT MUJIONO','2005-01-01','Pati','1968-05-01',NULL,NULL,'824924',1,2,2,11,73),(105,'1405010200661','DINA ANDIANI','1998-02-01','Lembata','1970-06-23',NULL,NULL,'181037',2,2,2,1,73),(106,'1405010270665','NINIL SRI DWI KORANI','2005-07-01','Banyumas','1969-12-21',NULL,NULL,'168050',2,1,2,2,73),(107,'1405012200675','MUJIONO','2005-01-01','Kebumen','1966-11-23',NULL,NULL,'422155',1,2,2,20,73),(108,'1405011570723','SURATNI','2005-07-16','Gresik','1984-08-06',NULL,NULL,'112414',2,1,2,7,73),(109,'1405010200725','SULISTYONO','2004-04-16','Surabaya','1976-02-18',NULL,NULL,'334258',1,1,2,1,73),(110,'1405010200731','INDARI SUDJIJATMI','2005-07-01','Lamongan','1982-06-22',NULL,NULL,'263940',2,1,2,1,73),(111,'1405011570733','SUKO DARSONO','1999-07-17','Gresik','1978-03-05',NULL,NULL,'116567',1,1,2,7,73),(112,'1405010200737','SETYOWATI','2001-07-22','Banyuwangi','1974-12-30',NULL,NULL,'114205',2,2,2,1,73),(113,'1405010200762','CIPTO KUSWINADI','2005-07-17','Gresik','1981-07-29',NULL,NULL,'583342',1,1,2,1,73),(114,'1405010270770','SUHARDI','2002-07-01','Surabaya','1975-04-28',NULL,NULL,'711668',1,2,2,2,73),(115,'1405011000777','UDJANG SUHENDRA','1987-03-01','Banyuwangi','1964-06-01',NULL,NULL,'247822',1,2,2,4,73),(116,'1405010270785','SYAM SRIANAH','2005-07-01','Lamongan','1978-05-11',NULL,NULL,'442972',2,1,2,2,73),(117,'1405010200793','ANGESTI WULAN UTAMI','2000-07-01','Gresik','1970-11-09',NULL,NULL,'346699',2,2,2,1,73),(118,'1405010200802','ARIFAN HUSNI','2005-07-16','Jakarta','1979-09-04',NULL,NULL,'744131',1,1,2,1,73),(119,'1405010200817','UMI HIDAYAH','2003-07-17','Gresik','1984-10-11',NULL,NULL,'817978',2,1,2,1,73),(120,'1405010270823','SRI ENDAH SUKOWATI','2005-07-01','Malang','1979-08-10',NULL,NULL,'887989',2,1,2,2,73),(121,'1405010200827','KUSTIANI','2002-07-15','Gresik','1975-04-22',NULL,NULL,'894419',2,1,2,1,73),(122,'1405010200828','SULIANI','1999-07-19','Banyuwangi','1973-03-15',NULL,NULL,'740472',2,2,2,1,73),(123,'1405010970831','NANING MAFTUKHAH','2005-07-11','Surabaya','1978-02-26',NULL,NULL,'314767',2,1,2,3,73),(124,'1405010270832','SETYO SUNAMI','2002-07-01','Pasuruan','1972-07-15',NULL,NULL,'348469',2,2,2,2,73),(125,'1405010200838','SITI MARUMI','2006-01-01','Magelang','1966-10-24',NULL,NULL,'265173',2,1,2,1,73),(126,'1405010200851','HARIATI','2005-06-01','Mataram','1983-05-05',NULL,NULL,'213578',2,1,2,1,73),(127,'1405010270852','SITI QONIAH','2005-07-17','Bangkalan','1971-04-20',NULL,NULL,'233158',2,1,2,2,73),(128,'1405010270853','PARENI','2003-10-22','Lombok Timur','1981-02-02',NULL,NULL,'723575',2,1,2,2,73),(129,'1405010270874','SUKANTO','2005-01-01','Lamongan','1967-05-21',NULL,NULL,'504554',1,2,2,2,73),(130,'1405010270879','ISTIQOMAH','1982-03-01','Magelang','1962-11-24',NULL,NULL,'444019',2,2,1,2,73),(131,'1405012200885','MOCH LUTFI RACHMAN','2005-09-16','BANGKALAN','1986-10-23',NULL,NULL,'609520',1,2,2,20,73),(132,'1405010200894','SITI KAROMATUN NI\'MAH','1985-02-19','Jombang','1963-11-14',NULL,NULL,'131993',2,2,1,1,73),(133,'1405010270917','MUZAMMIL','1994-05-09','Sidoarjo','1965-07-10',NULL,NULL,'847044',1,1,2,2,73),(134,'1405010200919','EMI','2002-07-18','TULUNGAGUNG','1980-08-15',NULL,NULL,'647283',2,2,2,1,73),(135,'1405011560923','RETNO NAWANGWULAN','2005-07-17','Gresik','1981-12-02',NULL,NULL,'586716',2,1,2,6,73),(136,'1405010200924','WAJIYO','2005-07-01','Surabaya','1982-11-29',NULL,NULL,'215945',1,1,2,1,73),(137,'1405010200933','M.ZAIM','2003-07-01','Malang','1979-12-20',NULL,NULL,'344359',1,2,2,1,73),(138,'1405010270944','MURTAFI\'AH','1983-03-01','Gresik','1963-12-14',NULL,NULL,'576020',2,1,1,2,73),(139,'1405010200955','SUPARMINAH','1997-03-01','Sumenep','1966-02-06',NULL,NULL,'928678',2,1,2,1,73),(140,'1405010200965','NULIK YULISTIANI','2002-08-08','Sidoarjo','1965-04-23',NULL,NULL,'865358',2,2,2,1,73),(141,'1405010200986','AZIZAH','1987-03-01','SURABAYA','1961-04-13',NULL,NULL,'851907',2,2,2,1,73),(142,'1405010200993','SISNARKO','2003-07-01','Magetan','1978-08-28',NULL,NULL,'204198',1,1,2,1,73),(143,'1405010201004','DYAH NOFANI CHAYA ARUMI','1994-01-05','Mojokerto','1966-11-17',NULL,NULL,'523054',2,1,2,1,73),(144,'1405010201031','KHASIS SULISTIANI','2005-06-04','Gresik','1979-12-12',NULL,NULL,'498964',2,1,2,1,73),(145,'1405010201032','JAMILUN','2001-07-19','Gresik','1983-06-06',NULL,NULL,'469253',1,2,2,1,73),(146,'1405010271034','NGAISAH','2002-08-08','Gresik','1978-08-29',NULL,NULL,'131502',2,2,2,2,73),(147,'1405011871036','M. SAFIQURROHMAN','2000-07-17','Surabaya','1971-10-22',NULL,NULL,'500887',1,2,2,13,73),(148,'1405016731039','SADAR ROMELAH','2003-09-12','Jombang','1982-08-11',NULL,NULL,'295945',2,1,2,44,73),(149,'1405012171042','SRI SOETJIATI','2005-07-18','Alor','1975-02-13',NULL,NULL,'538430',2,1,2,19,73),(150,'1405010201047','WIWIN IRIASWATI','2005-07-21','Gresik','1983-09-17',NULL,NULL,'321066',2,1,2,1,73),(151,'1405011801057','SAIRUDDIN','2004-07-07','Sampang','1976-12-02',NULL,NULL,'882559',1,1,2,11,73),(152,'1405010271059','EKO SISWANTO','2005-08-01','Kupang','1976-08-16',NULL,NULL,'114214',1,2,2,2,73),(153,'1405010201061','KUTIN','2004-07-01','MALANG','1981-08-12',NULL,NULL,'496490',2,1,2,1,73),(154,'1405010271063','EMMY DYAH RACHMAWATI','2005-07-23','Jambi','1977-11-02',NULL,NULL,'418022',2,2,2,2,73),(155,'1405010971093','JULI MAWARTI','2005-07-29','Rote Ndao','1981-05-03',NULL,NULL,'806007',2,2,2,3,73),(156,'1405010271094','ENDANG WILUDJENG','2003-09-09','Gresik','1983-10-07',NULL,NULL,'205143',2,1,2,2,73),(157,'1405010201099','BERNARD TAMPUBOLON','1988-03-01','Surabaya','1962-12-05',NULL,NULL,'355706',1,2,2,1,73),(158,'1405018101101','SUYATI','2005-07-10','Cianjur','1978-09-21',NULL,NULL,'239330',2,1,2,48,73),(159,'1405010271118','DIYAH WINARNI','2005-06-01','Sambori','1967-12-31',NULL,NULL,'559731',2,1,2,2,73),(160,'1405012101133','SOESILONINGDYAH','2000-07-25','Gresik','1962-04-04',NULL,NULL,'865170',2,2,2,17,73),(161,'1405010271135','AGUS WIDIONO','2005-07-01','Kediri','1972-11-15',NULL,NULL,'401598',1,1,2,2,73),(162,'1405012201151','NYITNO','2004-07-17','Surabaya','1979-11-30',NULL,NULL,'785192',1,1,2,20,73),(163,'1405010271159','SETIOKO BONEFASIUS','1992-02-01','Gresik','1971-01-16',NULL,NULL,'471205',1,1,2,2,73),(164,'1405010201176','ENDAH DWI RATNAWATI','1991-10-15','GRESIK','1966-07-19',NULL,NULL,'336690',2,2,2,1,73),(165,'1405010201177','SRI ENDANG MUSTOKOWENI','2004-08-16','Surabaya','1977-02-07',NULL,NULL,'162963',2,2,2,1,73),(166,'1405010971191','HERI SUBAGYO','2004-07-19','Trenggalek','1965-09-16',NULL,NULL,'142745',1,1,2,3,73),(167,'1405010271199','MUSLIM','1987-07-14','Klaten','1962-08-06',NULL,NULL,'704967',1,2,2,2,73),(168,'1405010201226','SOETJI WAHJOENI','2003-07-01','Gresik','1979-04-07',NULL,NULL,'230299',2,1,2,1,73),(169,'1405010271227','HENDRA MUJIONO','1992-07-16','Gresik','1971-07-16',NULL,NULL,'183396',1,2,2,2,73),(170,'1405011571229','SYAHRIN ZAKIYAH','2005-07-18','Gresik','1982-08-14',NULL,NULL,'363761',2,1,2,7,73),(171,'1405010271236','SULAENI','2005-01-01','Surabaya','1972-01-23',NULL,NULL,'357799',2,2,2,2,73),(172,'1405010201238','IN SULISTYOWATI','2004-07-01','Mojokerto','1983-07-11',NULL,NULL,'606025',2,1,2,1,73),(173,'1405010271271','RICHE NURMAWIJAYA','1997-07-21','Tarakan','1977-08-21',NULL,NULL,'795620',2,2,2,2,73),(174,'1405018101285','HERI SUBAGYO','2005-11-18','Ngada','1975-12-13',NULL,NULL,'318352',1,2,2,48,73),(175,'1405010271289','TRI SULISTIARI','2003-06-01','LARANTUKA','1964-12-22',NULL,NULL,'673094',2,2,2,2,73),(176,'1405010271300','SUTIKNO','2005-12-01','Gresik','1972-07-02',NULL,NULL,'590523',1,1,2,2,73),(177,'1405010201307','SLAMET RIJADI','1990-01-01','KEDIRI','1967-01-19',NULL,NULL,'286280',1,1,2,1,73),(178,'1405010201324','VALENTINA ISMIATININGSIH','1999-07-19','Gresik','1976-07-02',NULL,NULL,'368087',2,2,2,1,73),(179,'1405011541327','WINARTO','2003-07-15','Gresik','1975-12-20',NULL,NULL,'488955',1,2,2,5,73),(180,'1405012171344','TITIK ERNAWATI','1999-07-19','Gresik','1979-08-06',NULL,NULL,'168379',2,2,2,19,73),(181,'1405010271346','ERLININGSIH','2002-07-15','Badung','1966-02-09',NULL,NULL,'689141',2,2,2,2,73),(182,'1405010201370','SHOFI AMBARI','1991-07-01','Surabaya','1966-10-23',NULL,NULL,'690771',2,1,2,1,73),(183,'1405010201375','YOHANES SRI WIDODO','2005-07-31','Gresik','1982-05-12',NULL,NULL,'766489',1,2,2,1,73),(184,'1405010271379','SUHARSONO','2005-07-01','Surabaya','1973-02-10',NULL,NULL,'136601',1,1,2,2,73),(185,'1405010271380','NUR WAHYU INDRATI','2002-07-01','Gresik','1979-11-26',NULL,NULL,'587289',2,2,2,2,73),(186,'1405010201381','SUNARIYATI','2001-07-31','Surabaya','1970-06-07',NULL,NULL,'990231',2,1,2,1,73),(187,'1405018001384','SITI KAROMI','2002-09-02','Woloara','1978-04-04',NULL,NULL,'519688',2,2,2,47,73),(188,'1405010271387','SUTRISNO','2004-07-01','Kendal','1971-12-29',NULL,NULL,'580470',1,1,2,2,73),(189,'1405011571393','WIWIK PUJI KASIANI','2002-07-19','Malang','1981-07-12',NULL,NULL,'873139',2,2,2,7,73),(190,'1405010271401','ARIS BASUKI','2005-07-18','Kupang','1979-03-20',NULL,NULL,'420944',1,1,2,2,73),(191,'1405010201402','AKHIYAT','1999-07-25','Gresik','1973-05-24',NULL,NULL,'370810',1,2,2,1,73),(192,'1405010201417','MINGGARSIH','2001-01-01','Gresik','1976-09-16',NULL,NULL,'178866',2,2,2,1,73),(193,'1405010271419','AGNES DIAN ENDRASWARI','2005-07-09','Sidoarjo','1982-04-09',NULL,NULL,'395058',2,2,2,2,73),(194,'1405010201429','SRI LEMBAHINGTYAS','2003-12-01','SIDOARJO','1969-07-07',NULL,NULL,'909352',2,1,2,1,73),(195,'1405010201440','SOEGENG ARIBOWO','2000-04-01','Gresik','1977-11-20',NULL,NULL,'638438',1,2,2,1,73),(196,'1405010201444','ENDAH SULISTYOWATI','2004-07-17','Gresik','1979-03-19',NULL,NULL,'643728',2,1,2,1,73),(197,'1405010201460','AGUS PRIYANTO','2004-07-19','KAPAR','1972-04-03',NULL,NULL,'626518',1,1,2,1,73),(198,'1405011871472','WILFRIDA YUSTIATI','2002-07-01','Malang','1984-05-06',NULL,NULL,'880654',2,2,2,13,73),(199,'1405011001473','SUHARTO AGUS WALOYO','2003-07-15','Flores Timur','1969-08-30',NULL,NULL,'249185',1,1,2,4,73),(200,'1405010271475','AHMAD SAIHU','2005-07-13','Lombok Timur','1981-12-28',NULL,NULL,'852146',1,1,2,2,73),(201,'1405010201481','HARTUTIK','2005-07-18','Manggarai','1980-09-21',NULL,NULL,'128734',2,1,2,1,73),(202,'1405011541491','SITI MAIMUDAH','1999-07-19','Sidoarjo','1978-12-23',NULL,NULL,'354381',2,2,2,5,73),(203,'1405010271496','SITI ROKHANI','2001-01-27','Ngada','1959-09-27',NULL,NULL,'402326',2,2,1,2,73),(204,'1405010201499','EKO KRISTARIA C.W.U','2004-07-17','Surabaya','1981-08-09',NULL,NULL,'608405',2,2,2,1,73),(205,'1405010201513','MOCH. SOKHEH','1983-03-01','Surabaya','1963-02-05',NULL,NULL,'841965',1,1,1,1,73),(206,'1405010201529','SUJONO','2005-06-01','Meraran','1984-05-12',NULL,NULL,'151097',1,1,2,1,73),(207,'1405010271532','NUR AISYIYAH','1997-07-16','BLITAR','1975-01-18',NULL,NULL,'130547',2,2,2,2,73),(208,'1405010271550','NUR FADILAH','1994-07-21','Tuban','1971-07-28',NULL,NULL,'835610',2,1,2,2,73),(209,'1405018101552','AH. YANI','2004-07-17','Gresik','1976-03-09',NULL,NULL,'470042',1,1,2,48,73),(210,'1405010201561','MACHSUNAH','1994-08-08','SIDOARJO','1960-02-18',NULL,NULL,'281177',2,1,2,1,73),(211,'1505290271048','ENDANG SOELISTYOWATI SIHAB','2004-07-11','Gorontalo','1981-01-08',NULL,NULL,'266844',2,1,2,2,101),(212,'1505290271087','HARIJANTO','1989-03-01','Semarang','1962-05-10',NULL,NULL,'518298',1,1,2,2,101),(213,'1505290271088','NANANG PURNOMO','1994-05-31','Maumere','1968-07-28',NULL,NULL,'902639',1,1,2,2,101),(214,'1505290271089','ANIK SULISTYOWATI','2005-01-01','Sidoarjo','1972-04-04',NULL,NULL,'486242',2,2,2,2,101),(215,'1505290271090','SALAMAH','2005-10-18','Surabaya','1984-01-02',NULL,NULL,'956400',2,2,2,2,101),(216,'1505292071091','THERESIA SRI DONOWATI','1998-06-30','Tegal','1971-06-01',NULL,NULL,'499623',2,2,2,16,101),(217,'1505601574104','WINARNO','2004-07-17','Surabaya','1971-04-25',NULL,NULL,'524683',1,1,2,7,102),(218,'1505605404106','ENDAH SUBEKTI','2002-08-01','Gresik','1984-07-22',NULL,NULL,'245403',2,1,2,40,102),(219,'1505602244114','NUR KHOLIS','1998-07-20','Gresik','1974-10-31',NULL,NULL,'183199',1,2,2,21,102),(220,'1505600204168','ANY ZURAIDAH','1983-07-18','Gresik','1963-11-03',NULL,NULL,'992570',2,2,1,1,102),(221,'1505601574172','SOLIKHAH','2005-07-01','Gresik','1984-08-28',NULL,NULL,'134006',2,1,2,7,102),(222,'1505605404180','AINUN NADHIFAH','1987-03-01','Gresik','1965-06-05',NULL,NULL,'358769',2,2,2,40,102),(223,'1505608104191','NURCHAYATI','1988-07-18','Lombok Timur','1967-06-04',NULL,NULL,'533220',2,1,2,48,102),(224,'1505601004194','SUWENDAH','2004-07-16','Gresik','1981-04-06',NULL,NULL,'290802',2,1,2,4,102),(225,'1505600274196','SUBIYAT','2002-04-01','Kulon Progo','1978-03-14',NULL,NULL,'904496',1,2,2,2,102),(226,'1505605244248','SUPARMUJI','2005-07-01','Lombok Tengah','1983-05-17',NULL,NULL,'238407',1,1,2,35,102),(227,'1505600204260','SUNIAH','2005-07-01','Lombok Timur','1973-12-31',NULL,NULL,'728823',2,1,2,1,102),(228,'1505605264343','ENDANG PURWANINGSIH','2003-07-01','SURABAYA','1982-06-22',NULL,NULL,'591093',2,2,2,37,102),(229,'1505601804356','DYAH ISWARINI RF.','2005-07-01','LOMBOK TENGAH','1979-12-31',NULL,NULL,'336472',2,1,2,11,102),(230,'1505600274357','IMAM GOZALI','2004-11-01','Ponorogo','1981-11-28',NULL,NULL,'412264',1,2,2,2,102),(231,'1505601544365','TRI RETNO AGUSTINI','2002-07-01','Gresik','1975-06-26',NULL,NULL,'946251',2,2,2,5,102),(232,'1505600274391','RUDY SANTOSO','2005-07-01','Suela','1984-12-31',NULL,NULL,'495483',1,1,2,2,102),(233,'1505601574431','NANCY YUANITA','1995-07-16','Denpasar','1971-06-05',NULL,NULL,'318000',2,2,2,7,102),(234,'1505602244440','MOCHAMAD YASIN','2005-07-18','Kolinggi','1972-11-02',NULL,NULL,'979850',1,1,2,21,102),(235,'1505600974467','SUTRAH','2005-06-01','Gresik','1972-07-21',NULL,NULL,'962571',2,1,2,3,102),(236,'1505600274500','RINI WAHYUNINGSIH','2005-07-01','Tembeng Putik','1976-12-31',NULL,NULL,'635306',2,1,2,2,102),(237,'1505601564607','SUNTIANI','2004-01-01','Gresik','1985-05-25',NULL,NULL,'928181',2,2,2,6,102),(238,'1505601004608','NUKE SASWITA','1994-03-01','Surabaya','1968-07-09',NULL,NULL,'946988',2,1,2,4,102),(239,'1505600974609','SRI UTAMI','1991-07-16','Gresik','1967-03-23',NULL,NULL,'597911',2,2,2,3,102),(240,'1505601844610','ULFA','1993-07-02','GRESIK','1961-05-29',NULL,NULL,'428468',2,1,2,12,102),(241,'1505601874611','RUDY PRIJAMBODO','1989-03-01','Getasan','1963-09-05',NULL,NULL,'355391',1,2,2,13,102),(242,'1505601904612','ABDUL FATAH','2003-06-01','Manggarai','1970-12-20',NULL,NULL,'826607',1,2,2,14,102),(243,'1505602074613','DEDDY ACHMAD ALI MRF','1994-03-01','Bangkalan','1969-04-14',NULL,NULL,'736541',1,1,2,16,102),(244,'1505602104614','KURNIAWAN EKO PRASETYO','1991-08-11','Gresik','1968-10-10',NULL,NULL,'733847',1,2,2,17,102),(245,'1505600274616','UMIYATI','2004-05-01','Gresik','1980-08-29',NULL,NULL,'129893',2,1,2,2,102),(246,'1505601544617','LULUT HARI BUDI','2002-06-01','SURABAYA','1972-03-20',NULL,NULL,'833600',1,1,2,5,102),(247,'1505601004619','SUTOYO','2001-07-01','Surabaya','1974-09-25',NULL,NULL,'279273',1,2,2,4,102),(248,'1505605244620','GANDA SETYAWAN','1994-06-01','Gresik','1969-07-28',NULL,NULL,'969986',1,1,2,35,102),(249,'1505602044621','SUTRIANI','1992-02-01','Gresik','1966-07-19',NULL,NULL,'826169',2,2,2,15,102),(250,'1505602204622','ACHMAD ROFI\'\'I','1997-10-01','Sumenep','1971-06-03',NULL,NULL,'729563',1,2,2,20,102),(251,'1505601004623','NURUL KHOIRONI','2003-06-01','MBALING','1969-02-15',NULL,NULL,'944596',2,2,2,4,102),(252,'1505602174624','BUDI SETIYONO','1987-08-01','Gresik','1966-10-18',NULL,NULL,'610620',1,2,2,19,102),(253,'1505608004625','ABDUL MAJID','2004-07-19','Denpasar','1980-06-26',NULL,NULL,'309842',1,1,2,47,102),(254,'1505600274626','SUYOTO','2001-07-01','Surabaya','1970-10-04',NULL,NULL,'229531',1,2,2,2,102),(255,'1505600274627','SITI SUGIATI','1983-03-01','Surabaya','1961-05-02',NULL,NULL,'776703',2,2,1,2,102),(256,'1505600274628','HARTATIK','1997-03-03','Kediri','1970-06-14',NULL,NULL,'717452',2,2,2,2,102),(257,'1505602204630','ANA SULISTYOWATI','1991-07-15','Surakarta','1964-03-12',NULL,NULL,'438567',2,2,2,20,102),(258,'1505601004631','ZUHRIANI','2005-07-18','Gresik','1978-08-06',NULL,NULL,'492114',2,1,2,4,102),(259,'1505601004632','M. MULYADI','1983-03-01','Manggarai','1958-12-31',NULL,NULL,'420819',1,1,1,4,102),(260,'1505601564633','EVA AQUAR NIRMALA','1995-12-01','Manggarai','1970-06-07',NULL,NULL,'129347',2,2,2,6,102),(261,'1505601544634','TITIK SURYA PAMUKTI','1997-07-17','Surabaya','1967-09-09',NULL,NULL,'577557',2,2,2,5,102),(262,'1505601544635','ENY SRIWAHYUNI','1990-08-01','Gresik','1965-06-04',NULL,NULL,'432027',2,2,2,5,102),(263,'1505601544636','MOHAMMAD SARONI','1998-07-18','Surabaya','1968-01-23',NULL,NULL,'385630',1,2,2,5,102),(264,'1505601544637','AHMAD SUNARWO','1999-06-01','GRESIK','1972-10-27',NULL,NULL,'115989',1,2,2,5,102),(265,'1505601574638','KAMINAH','2004-05-14','Buleleng','1981-10-09',NULL,NULL,'876851',2,1,2,7,102),(266,'1505601574639','FIKRUL UMAM','2002-07-01','GRESIK','1967-12-12',NULL,NULL,'388646',1,2,2,7,102),(267,'1505602174640','MUFIDATUZZAMAN','1995-09-02','Sidoarjo','1975-07-31',NULL,NULL,'920811',2,2,2,19,102),(268,'1505602174641','PUJI HARIANTO','2001-07-01','KP. BLANG','1972-05-02',NULL,NULL,'593454',1,2,2,19,102),(269,'1505602204642','LILIS SULISTYOWATI','1996-10-01','Gresik','1969-03-12',NULL,NULL,'435120',2,1,2,20,102),(270,'1505601574644','CHOIROTUL BICHAH','1985-07-17','Ponorogo','1959-08-24',NULL,NULL,'968456',2,2,1,7,102),(271,'1505601904645','NURUL BADRIYAH','1986-07-01','Lumajang','1961-06-26',NULL,NULL,'176494',2,1,1,14,102),(272,'1505602044646','PAKIH','1983-09-01','Ngawi','1964-10-12',NULL,NULL,'537184',1,2,1,15,102),(273,'1505602104647','ABDUL SYAKUR','1983-02-04','SURABAYA','1962-12-25',NULL,NULL,'333480',1,2,1,17,102),(274,'1505602104648','SUGENG MARSUDI','1982-10-01','Trenggalek','1962-11-26',NULL,NULL,'410196',1,2,1,17,102),(275,'1505602104649','IDDY YUSSIASTUTIK','2005-01-01','Anjir Pasar (Batola)','1973-10-28',NULL,NULL,'848519',2,2,2,17,102),(276,'1505602104650','JOKO SUDARSONO','1996-05-02','Sragen','1970-12-27',NULL,NULL,'493035',1,2,2,17,102),(277,'1505602104651','NUNIK HARIYANI','1987-11-01','Kab. Kediri','1965-05-21',NULL,NULL,'937926',2,2,2,17,102),(278,'1505602174652','WAHYUNAH HIDAYANTI','1988-07-01','Gresik','1963-11-16',NULL,NULL,'649781',2,2,2,19,102),(279,'1505602174653','WISNU ANDRIANTO','1993-07-01','Surabaya','1971-12-19',NULL,NULL,'613663',1,1,2,19,102),(280,'1505601544655','WIWIK DWI HANDAYANI','2003-06-01','SUMBA BARAT','1966-08-20',NULL,NULL,'892962',2,2,2,5,102),(281,'1505601844656','ALYNIA PURWANING','1997-08-25','Gresik','1977-07-04',NULL,NULL,'180472',2,2,2,12,102),(282,'1505601874657','LEONITA WAHYU RISTANTY','1990-04-01','Gresik','1968-01-15',NULL,NULL,'596664',2,1,2,13,102),(283,'1505602044658','HERVIN RIYANINGDYAH','1997-03-01','MALANG','1971-04-26',NULL,NULL,'345562',2,2,2,15,102),(284,'1505602044659','SUWARNO','2005-01-01','Hulu Sungai Tengah','1980-11-02',NULL,NULL,'365642',1,2,2,15,102),(285,'1505602044660','DWI HANDAYANI','1990-03-01','DOMPU','1961-12-31',NULL,NULL,'200974',2,2,2,15,102),(286,'1505602044661','SUCI HARIYANI','1986-08-04','Nganjuk','1966-05-03',NULL,NULL,'720666',2,1,1,15,102),(287,'1505602174662','DEDDY ARFIAN','1998-03-03','Malang','1968-07-03',NULL,NULL,'531315',1,2,2,19,102),(288,'1505602174663','GISOESILO ABUDI','1988-08-01','Gresik','1964-02-14',NULL,NULL,'406409',1,1,2,19,102),(289,'1505605054666','SOEKARMIANI','1994-07-01','Gresik','1972-02-04',NULL,NULL,'773101',2,1,2,29,102),(290,'1505605054667','DIAH SAVITRI HANDAYANI','1990-07-01','Trenggalek','1964-06-05',NULL,NULL,'456860',2,1,2,29,102),(291,'1505605054668','SUBALI','1989-03-01','MAGETAN','1963-11-23',NULL,NULL,'155477',1,1,2,29,102),(292,'1505605064669','ANDI SUSANTO','1989-04-24','Gresik','1970-04-23',NULL,NULL,'995525',1,1,2,30,102),(293,'1505605064670','NUR ANDAYANI','1987-09-01','Pasuruan','1960-10-10',NULL,NULL,'282856',2,2,2,30,102),(294,'1505605064671','RISWATI','1989-07-01','Gresik','1961-03-13',NULL,NULL,'318387',2,1,2,30,102),(295,'1505605064672','FESTI EKOWATI','2005-01-01','Laiworu','1979-11-22',NULL,NULL,'697768',2,1,2,30,102),(296,'1505605064673','JAHJA NAWAWI','2000-03-06','Gresik','1978-06-26',NULL,NULL,'503561',1,2,2,30,102),(297,'1505605064674','IRMA NOVITA','1997-07-17','Nganjuk','1972-04-08',NULL,NULL,'213233',2,2,2,30,102),(298,'1505605064675','WIDDY ENDRAYANTO','1989-02-01','Tulungagung','1963-02-18',NULL,NULL,'519385',1,2,2,30,102),(299,'1505605244676','SUMARDJI','2005-01-01','Semarang','1975-06-09',NULL,NULL,'319495',1,1,2,35,102),(300,'1505605254677','MASTIAH','2005-01-01','Buleleng','1981-12-29',NULL,NULL,'821459',2,1,2,36,102),(301,'1505605264678','KARTINAWATI ARI PALUPI','1997-06-15','SURABAYA','1965-09-26',NULL,NULL,'943291',2,2,2,37,102),(302,'1505605404680','ENY PUDJI ASTUTIK','2002-07-01','Gresik','1981-08-27',NULL,NULL,'760149',2,1,2,40,102),(303,'1505608004688','SUYANTO','2001-07-01','Buton','1959-04-07',NULL,NULL,'798770',1,2,2,47,102),(304,'1505608004689','HARI MURTI','2001-07-02','Selong','1972-01-19',NULL,NULL,'569442',2,2,2,47,102),(305,'1505608004690','HENNY ARTHA PURWANTI','1993-10-02','NCERA BIMA','1972-07-16',NULL,NULL,'615353',2,1,2,47,102),(306,'1505608004691','TITIK SAUDJARIJANTINI','2001-07-02','Kediri','1971-01-12',NULL,NULL,'837778',2,2,2,47,102),(307,'1505608004692','AMBAR SETIASIH','2002-06-02','Madiun','1966-09-06',NULL,NULL,'559582',2,2,2,47,102),(308,'1505608004693','SUNUNIK EKO WARDHANI','2001-07-10','BIMA','1966-11-24',NULL,NULL,'230345',2,2,2,47,102),(309,'1505608004694','BAMBANG SUGIANTO','2004-07-19','Jakarta','1977-04-04',NULL,NULL,'127984',1,1,2,47,102),(310,'1505608004695','MARATUS SHOLIHAH','1995-04-30','Surabaya','1970-12-05',NULL,NULL,'181900',2,1,2,47,102),(311,'1505608004696','NUR KHOLIDIN','1984-03-01','Surabaya','1963-08-12',NULL,NULL,'884129',1,2,1,47,102),(312,'1505608004697','FENNY YUSNIAR HIDAYATI','1993-07-29','Malang','1969-02-16',NULL,NULL,'924819',2,1,2,47,102),(313,'1505608004698','SRI HARNANI','2002-05-20','Surabaya','1979-07-21',NULL,NULL,'528763',2,2,2,47,102),(314,'1505602204699','ISTINAH','2001-06-01','Tegal','1974-11-26',NULL,NULL,'904050',2,1,2,20,102),(315,'1505605254700','C. SRI NUGRAHENININGSIH','1997-07-20','Manggarai','1963-12-31',NULL,NULL,'471454',2,2,2,36,102),(316,'1505602174703','SUNARDI','1991-07-01','Gresik','1963-04-20',NULL,NULL,'249647',1,1,2,19,102),(317,'1505602044704','INDRAYANI','2003-07-01','Gresik','1977-03-21',NULL,NULL,'538594',2,2,2,15,102),(318,'1505602204705','WIWIN MIFTAHUL HAMIDAH','1987-02-01','Sidoarjo','1964-08-08',NULL,NULL,'850394',2,2,1,20,102),(319,'1505618000163','SUWONO','2003-07-17','Gresik','1981-10-25',NULL,NULL,'516878',1,1,2,47,103),(320,'1505612040342','DJUNIATI KUSTIFAH','1997-07-01','Gresik','1975-10-15',NULL,NULL,'227333',2,2,2,15,103),(321,'1505611902093','NURHAJATI','2003-07-15','Malang','1977-11-12',NULL,NULL,'466947',2,2,2,14,103),(322,'1505611872154','KUMAINAH','2004-07-19','Subang','1979-01-26',NULL,NULL,'670831',2,2,2,13,103),(323,'1505611872182','HIDAYAT','2002-01-02','Surabaya','1971-07-23',NULL,NULL,'397540',1,2,2,13,103),(324,'1505611872314','DWI ENDANG RETNAWATI','1998-07-01','Surabaya','1969-10-25',NULL,NULL,'448917',2,2,2,13,103),(325,'1505618002322','DWIJANTI ANDARWAHJUNI','2003-06-01','Gresik','1976-11-06',NULL,NULL,'412636',2,2,2,47,103),(326,'1505612102323','HUDIYANTO','2003-07-08','Surabaya','1971-06-03',NULL,NULL,'867398',1,1,2,17,103),(327,'1505618002326','SARMIN','2002-07-15','Tuban','1968-06-20',NULL,NULL,'972269',1,1,2,47,103),(328,'1505611902341','EDY SANTOSO','2004-07-01','Lombok Barat','1978-12-31',NULL,NULL,'683791',1,1,2,14,103),(329,'1505611842343','TUNGGAL SRI KASNITI','2004-07-01','Sumbawa','1976-05-25',NULL,NULL,'400346',2,1,2,12,103),(330,'1505618102359','TITUT HARIANI','1999-07-30','Malang','1967-03-29',NULL,NULL,'386311',2,2,2,48,103),(331,'1505618102380','CIPTO SAMPURNO','2004-07-01','Tulleng Alor','1981-06-03',NULL,NULL,'663221',1,1,2,48,103),(332,'1505618102420','UNDAYANI','2004-07-19','Cilacap','1979-09-19',NULL,NULL,'337252',2,2,2,48,103),(333,'1505612042423','SUPARJO','1989-07-05','Gresik','1970-01-30',NULL,NULL,'272106',1,2,2,15,103),(334,'1505611872424','DIDIK SUYANDI','1993-03-01','Mojokerto','1972-05-22',NULL,NULL,'682246',1,1,2,13,103),(335,'1505611872428','ANIK SRIYANI','2001-09-10','Lamongan','1973-09-19',NULL,NULL,'506574',2,2,2,13,103),(336,'1505612042431','NANIK ARIWATI','1994-12-28','Gresik','1971-07-06',NULL,NULL,'353617',2,1,2,15,103),(337,'1505628100524','SUMARDIYANTO','2003-09-10','Tuban','1972-04-19',NULL,NULL,'653061',1,1,2,48,104),(338,'1505640270543','KACI','2004-07-01','Kota Kupang','1982-06-06',NULL,NULL,'605684',2,1,2,2,106),(339,'1505640200544','BADRUL MUNIR','1996-04-01','Lombok Tengah','1972-09-03',NULL,NULL,'675238',1,2,2,1,106),(340,'1505652070160','ENDAH NURSASI','2005-07-10','Gresik','1982-06-17',NULL,NULL,'678108',2,2,2,16,107),(341,'1505668000524','HASAN BASORI','2003-07-09','MALANG','1977-09-21',NULL,NULL,'234292',1,1,2,47,108),(342,'1505662040576','SAPTONO','1997-07-01','Surabaya','1970-02-10',NULL,NULL,'656310',1,2,2,15,108),(343,'1505665050577','NUNUK INDARINI','2002-07-01','Gresik','1978-01-02',NULL,NULL,'259705',2,1,2,29,108),(344,'1505662100579','NOVI ANDRIATI','1998-07-01','Sidoarjo','1975-07-06',NULL,NULL,'714142',2,2,2,17,108),(345,'1505670200127','SUMARNI','1999-07-17','Surabaya','1962-03-27',NULL,NULL,'295516',2,2,2,1,109),(346,'1505678000520','ISTIQOMAH','2003-06-01','Kudus','1966-12-25',NULL,NULL,'733047',2,2,2,47,109),(347,'1505688000327','DEWI URIP WAHYUNI','1981-07-17','Lombok Tengah','1959-12-31',NULL,NULL,'455032',2,2,1,47,110),(348,'1506064211050','WILUJENG HARTINI','2001-07-15','Karanganyar','1975-11-24',NULL,NULL,'947915',2,2,2,25,116),(349,'1510605090204','SEPTIN WAHYUNI','2005-08-01','Gresik','1966-09-24',NULL,NULL,'380098',2,2,2,31,207),(350,'1510601741118','KHOTIMAH','2004-11-01','Surabaya','1980-03-19',NULL,NULL,'331319',2,2,2,10,207),(351,'1510615870567','SUNAR RAHAYU','2005-01-01','Surabaya','1981-09-25',NULL,NULL,'996106',2,2,2,41,208),(352,'1515012101024','NUR ALI','2004-07-01','Jakarta','1979-01-10',NULL,NULL,'420806',1,1,2,17,266),(353,'1515045400259','SITI MUNZAYYANAH','2005-01-01','Jembrana','1980-04-29',NULL,NULL,'702188',2,1,2,40,269),(354,'1515062171037','MEI UMINARSIH','2004-07-19','Bantul','1979-02-07',NULL,NULL,'187476',2,2,2,19,271),(355,'1515062101055','SUJIADI','2004-07-24','Gresik','1976-09-26',NULL,NULL,'399243',1,2,2,17,271),(356,'1515062241056','SRI PURWANTI','2005-01-01','Lombok Barat','1980-12-31',NULL,NULL,'944149',2,1,2,21,271),(357,'1515112170050','BARBARA YULI SUCI RAHAYU','2005-01-05','Bantul','1978-12-09',NULL,NULL,'923204',2,1,2,19,276),(358,'1515602170333','ANIK WINARNI','2003-07-25','Ngawi','1983-09-13',NULL,NULL,'220949',2,1,2,19,277),(359,'1519624240170','SLAMET IRFAN','2005-11-01','Kendari','1984-02-11',NULL,NULL,'186730',1,2,2,26,343),(360,'1520025100185','SUKISNO','2005-01-01','Lombok Barat','1978-06-02',NULL,NULL,'794711',1,1,2,32,345),(361,'1520045120526','SUKALIS','2005-01-01','Sumbawa','1983-03-19',NULL,NULL,'463359',1,1,2,34,347),(362,'1520604240258','JANADI','2005-07-07','Gresik','1981-02-01',NULL,NULL,'582511',1,2,2,26,355),(363,'1520604210613','HENDRO PURWANTO','2005-11-28','Surabaya','1969-01-10',NULL,NULL,'689130',1,1,2,25,355),(364,'1520605111029','SUTRISNO','2004-01-01','Gresik','1982-04-05',NULL,NULL,'515665',1,1,2,33,355),(365,'1521095110043','SRI INDARYATI','2005-05-01','Nganjuk','1984-02-12',NULL,NULL,'343781',2,2,2,33,365),(366,'1522011841029','AGUS HERTANTO','2005-01-01','SUKARARA','1982-01-30',NULL,NULL,'665752',1,1,2,12,368),(367,'1522012101031','SRI SOEMARIJATI','2004-06-06','BIMA','1983-01-21',NULL,NULL,'239320',2,1,2,17,368),(368,'1522021870536','SLAMET CAHYO RIADI','2005-01-01','Rawa Mangun','1985-06-30',NULL,NULL,'326463',1,1,2,13,369),(369,'1522048000822','ASMARANI','2005-07-14','Gresik','1974-04-07',NULL,NULL,'365286',2,1,2,47,371),(370,'1522045401032','SULISTIYONO','2004-07-19','Gresik','1971-11-05',NULL,NULL,'820309',1,2,2,40,371),(371,'1522041541057','SUTRISNO','2002-07-17','Gresik','1980-07-24',NULL,NULL,'604993',1,1,2,5,371),(372,'1522072170519','MUFIDAH','2005-04-04','Gresik','1984-06-07',NULL,NULL,'613813',2,1,2,19,374),(373,'1523011870062','YANUARIFKA INDRI DC.','2005-07-12','DENPASAR','1978-06-19',NULL,NULL,'197993',2,2,2,13,377),(374,'1523012170084','CAKASANA JAYA SAMINO','2004-06-01','Surabaya','1980-05-08',NULL,NULL,'137578',1,1,2,19,377),(375,'1523011540206','PAJIADI','2005-01-01','Tunbaun','1976-10-13',NULL,NULL,'615948',1,1,2,5,377),(376,'1523011870295','SRI WIDAYATI','2005-07-15','Gresik','1982-11-29',NULL,NULL,'876898',2,1,2,13,377),(377,'1523012240422','RATNA HIKMAH ANANDAYANTI','2005-01-01','Timur Tengah Selatan','1972-07-22',NULL,NULL,'699538',2,1,2,21,377),(378,'1523012040424','AGUS DWI SANTOSO','2005-07-19','Sidoarjo','1976-08-26',NULL,NULL,'982327',1,2,2,15,377),(379,'1523011540461','ELLY NURDJANNAH','2004-07-01','Surabaya','1968-08-31',NULL,NULL,'620181',2,1,2,5,377),(380,'1523011840578','LILIK SUWARNI','2004-01-01','Blitar','1963-06-12',NULL,NULL,'671437',2,1,2,12,377),(381,'1523021870410','MURTIYAH','2005-01-01','Timur Tengah Selatan','1976-04-24',NULL,NULL,'785968',2,1,2,13,378),(382,'1523028100421','NOVIA RIGIS INDAHWATI','2005-07-01','Lombok Timur','1981-10-12',NULL,NULL,'416621',2,1,2,48,378),(383,'1523028100499','WARAS','2005-07-10','Lombok Barat','1984-01-01',NULL,NULL,'494984',1,2,2,48,378),(384,'1523021540550','KARTININGSIH','2005-07-01','Sumbawa','1980-03-02',NULL,NULL,'829983',2,1,2,5,378),(385,'1523022070551','WAHID SAHRI','2003-06-01','Bantul','1974-01-04',NULL,NULL,'473447',1,2,2,16,378),(386,'1523021540840','ANASTASIA PURWENDAH R.P','2005-07-17','Surabaya','1970-10-06',NULL,NULL,'425294',2,1,2,5,378),(387,'1523021841104','YUNI EKO SETYOWATI','1997-07-01','Surabaya','1963-07-08',NULL,NULL,'581148',2,2,2,12,378),(388,'1523021541105','ENY SRI WIJAYATI','1983-03-01','Klaten','1960-01-02',NULL,NULL,'372218',2,2,1,5,378),(389,'1523021541106','KHOIRON YAROH','1996-07-19','Sidoarjo','1974-04-08',NULL,NULL,'791002',2,2,2,5,378),(390,'1523022101112','PUJIATI','2004-07-12','Kudus','1976-12-17',NULL,NULL,'764667',2,1,2,17,378),(391,'1523022041119','SITI ALROCHMI','2005-07-01','Kupang','1979-12-27',NULL,NULL,'357818',2,2,2,15,378),(392,'1523031870212','SUTIYONO','2005-07-01','Nganjuk','1979-03-19',NULL,NULL,'233765',1,1,2,13,379),(393,'1523034240294','SUNARMI','2004-07-01','Gresik','1976-11-27',NULL,NULL,'214865',2,1,2,26,379),(394,'1523032070437','MOH. SLAMET MARDIYANTO','2005-01-01','OETULU','1972-01-23',NULL,NULL,'459148',1,1,2,16,379),(395,'1523038100465','KEMAS ABU BAKAR','2005-07-01','Surabaya','1981-12-01',NULL,NULL,'309946',1,1,2,48,379),(396,'1523038100494','WINTARNO','1989-03-01','Surabaya','1965-04-12',NULL,NULL,'605575',1,1,2,48,379),(397,'1523032040498','SAMSI','2004-07-12','Surabaya','1963-06-01',NULL,NULL,'549591',1,1,2,15,379),(398,'1523032040718','MAS EDY ROSYADIN','2002-07-15','Gresik','1981-03-17',NULL,NULL,'737239',1,2,2,15,379),(399,'1523031871028','SITI MUKHTIN NASIKHAH','2005-07-01','Lamongan','1985-11-16',NULL,NULL,'809365',2,1,2,13,379),(400,'1523031841045','SULIPATIN','2004-02-01','Boyolali','1973-06-05',NULL,NULL,'200942',2,2,2,12,379),(401,'1523038101117','MOCHAMAD SUBEKI','2001-07-21','Malang','1976-11-30',NULL,NULL,'664462',1,2,2,48,379),(402,'1523038101131','TITIK SUGIHARTI','2001-07-16','Pringgasela','1976-12-09',NULL,NULL,'623955',2,2,2,48,379),(403,'1523031871153','SUTIYAR','2004-03-01','Gresik','1978-03-12',NULL,NULL,'453837',1,2,2,13,379),(404,'1523041840385','MA\'\'RUF','2005-07-01','Lamongan','1985-08-04',NULL,NULL,'416601',1,1,2,12,380),(405,'1523054240224','SISWANTO','2005-07-14','Gresik','1982-07-22',NULL,NULL,'491693',1,1,2,26,381),(406,'1523051900543','AKHMAD FAUZI','1990-09-01','Surabaya','1964-07-17',NULL,NULL,'796238',1,2,2,14,381),(407,'1523068100228','RETNO DYAH WINARTI','2004-12-27','Klaten','1975-05-15',NULL,NULL,'295364',2,2,2,48,382),(408,'1523062040356','SISWOYO','2005-01-06','Trenggalek','1972-02-01',NULL,NULL,'671668',1,1,2,15,382),(409,'1523068100777','PARNO','2005-06-25','Grobogan','1980-08-11',NULL,NULL,'172610',1,1,2,48,382),(410,'1523061540860','SUWARNO','2003-01-01','Bondo Bara','1978-12-31',NULL,NULL,'729249',1,2,2,5,382),(411,'1523061540876','SITI FADILAH','2005-10-13','Malang','1986-12-26',NULL,NULL,'262413',2,2,2,5,382),(412,'1523062040879','AMIK ASMIANI','2005-07-09','Timur Tengah Utara','1979-10-07',NULL,NULL,'466201',2,2,2,15,382),(413,'1523061901044','WIDADARI LESTANTIN ARIANI','2005-07-20','Gresik','1982-09-22',NULL,NULL,'796266',2,2,2,14,382),(414,'1523068001069','INDRAJAYA','1994-03-01','Kakor Manggarai','1961-06-05',NULL,NULL,'761501',1,1,2,47,382),(415,'1523062101074','HOTMIDA SILABAN','2005-07-20','Gresik','1985-11-18',NULL,NULL,'687715',2,2,2,17,382),(416,'1523062101183','SOETAMAH','2005-07-20','Surabaya','1981-06-18',NULL,NULL,'927061',2,2,2,17,382),(417,'1523061542062','BUDI SUHARTINI','2003-08-01','Surabaya','1978-08-08',NULL,NULL,'398426',2,1,2,5,382),(418,'1523071900047','SUMAN','2005-07-01','Batang','1981-12-21',NULL,NULL,'742557',1,1,2,14,383),(419,'1523078101051','YENI PUJI KRISTINA','2005-01-01','Ailala Belu','1978-06-06',NULL,NULL,'668972',2,1,2,48,383),(420,'1523608100508','LINTANG JAUHARI','2005-07-01','Gresik','1985-08-31',NULL,NULL,'491769',2,1,2,48,385),(421,'1523612240445','PURWANINGSIH','2004-07-01','Gresik','1976-07-11',NULL,NULL,'549514',2,1,2,21,386),(422,'1523612171048','MARSUDI','2001-07-17','Gresik','1983-07-01',NULL,NULL,'439161',1,2,2,19,386),(423,'1524011840305','WISMA PURWADI','2005-12-01','Gresik','1982-11-19',NULL,NULL,'310818',1,1,2,12,387),(424,'1524012041028','EFFENDI','2005-01-01','Tana Toraja','1979-03-21',NULL,NULL,'933498',1,1,2,15,387),(425,'1524018101045','PARIANI','2004-07-16','Jombang','1967-07-25',NULL,NULL,'585449',2,1,2,48,387),(426,'1524031540227','SUPRIYO','2005-01-01','Sumba Barat','1968-01-07',NULL,NULL,'437861',1,1,2,5,388),(427,'1524031900513','SULISTYAWATI','2003-03-03','Donomulyo Malang','1965-02-08',NULL,NULL,'197171',2,2,2,14,388),(428,'1524031541117','WIDAYATININGSIH','2005-01-01','Kebumen','1975-12-15',NULL,NULL,'392957',2,1,2,5,388),(429,'1524041540029','BADRIYAH AL SITI MASFUFAH','2005-01-01','Surabaya','1974-11-08',NULL,NULL,'867759',2,1,2,5,389),(430,'1524042040378','NIKEN PENI WARDANI','2005-07-11','Kudus','1984-07-09',NULL,NULL,'242562',2,2,2,15,389),(431,'1524052040145','UMI SALAMAH','2005-01-01','Gresik','1979-06-25',NULL,NULL,'834373',2,1,2,15,390),(432,'1524068100014','LENY SOVARIDA LINDAYANI','2005-07-18','Gresik','1984-04-02',NULL,NULL,'525859',2,1,2,48,391),(433,'1524062070025','IRAWADI PURWANTO','2005-12-03','Madiun','1968-09-26',NULL,NULL,'304390',1,1,2,16,391),(434,'1524062100094','MUSTOFA','2005-07-15','Gresik','1983-02-05',NULL,NULL,'772245',1,1,2,17,391),(435,'1524061900098','RADEN ACHMAD TAUFAN','2005-10-01','Kalabahi','1982-01-31',NULL,NULL,'228755',1,1,2,14,391),(436,'1524065120156','KUSSAINI','2005-07-18','Gresik','1982-03-24',NULL,NULL,'296707',2,1,2,34,391),(437,'1524062040159','SADERI','2005-07-02','Kendari','1984-12-31',NULL,NULL,'244837',1,2,2,15,391),(438,'1524061540236','KARSILAH','2005-01-01','Gresik','1983-09-25',NULL,NULL,'486052',2,1,2,5,391),(439,'1524061900275','SUSNANINGSIH','2005-07-01','Semarang','1975-02-19',NULL,NULL,'380392',2,1,2,14,391),(440,'1524061870295','SUPINI','2005-08-30','Gresik','1979-06-15',NULL,NULL,'297794',2,1,2,13,391),(441,'1524061870305','ARDIAN RUBIANTO','1998-07-01','Sidoarjo','1978-04-26',NULL,NULL,'522385',1,1,2,13,391),(442,'1524061900322','AQUARESTERINA YUDIHARYANI','2005-11-07','Mehona','1983-11-15',NULL,NULL,'360650',2,2,2,14,391),(443,'1524061870330','HANDA MEWANTOKO','2005-10-03','Gresik','1985-04-25',NULL,NULL,'193459',1,1,2,13,391),(444,'1524061840355','NUR ROCHMAH','2005-07-19','Mataram','1980-06-21',NULL,NULL,'975867',2,1,2,12,391),(445,'1524061540545','MOKHAMMAD GUFRON','2004-07-01','Gresik','1982-04-05',NULL,NULL,'602448',1,1,2,5,391),(446,'1524078000305','NUR AINI','2003-06-01','Gresik','1977-09-13',NULL,NULL,'831089',2,2,2,47,392),(447,'1524081540384','PIRMADI','2003-07-21','PARADO RATO MONTA','1971-07-02',NULL,NULL,'323845',1,1,2,5,393),(448,'1524088100396','WIWIK SRI INDARTI','2003-07-21','Banjarmasin','1974-10-09',NULL,NULL,'715139',2,1,2,48,393),(449,'1524098000077','BUDI UTOMO','2003-01-01','Gresik','1982-08-12',NULL,NULL,'907359',1,2,2,47,394),(450,'1524102170250','CONDRO WIDIATMUKO','2006-01-01','Lamongan','1986-02-14',NULL,NULL,'987616',1,1,2,19,395),(451,'1524108101039','BANGUN SASIKIRONO','2001-07-01','BELU','1974-02-12',NULL,NULL,'815656',1,2,2,48,395),(452,'1524118000209','PARNI','2003-06-01','Gresik','1971-02-15',NULL,NULL,'849405',2,2,2,47,396),(453,'1524111840239','TOTOK SISWANTO','1994-07-18','Malang','1970-09-07',NULL,NULL,'719438',1,1,2,12,396),(454,'1524112170371','LAILIN NAIMAH','1996-07-15','Gresik','1972-08-05',NULL,NULL,'663421',2,2,2,19,396),(455,'1524118001050','SRI MULYATI','2005-07-19','Bima','1973-12-31',NULL,NULL,'115585',2,1,2,47,396),(456,'1524112101056','LILIK SRIYANTO','1984-03-01','Gresik','1963-09-20',NULL,NULL,'905530',1,2,1,17,396),(457,'1524118001087','SAMIARTI','2003-06-01','Bojonegoro','1980-04-28',NULL,NULL,'621950',2,2,2,47,396),(458,'1524122100209','APRIYANTI KHUSNUL CHOTIMAH','2005-01-28','WONRELI','1975-01-28',NULL,NULL,'387845',2,1,2,17,397),(459,'1524122100449','ONI HARMIONO','2005-02-01','Manggarai Barat','1966-06-22',NULL,NULL,'856048',1,1,2,17,397),(460,'1524158100006','UMMI ZAHROH','2005-09-01','Bilbagur - Alor','1980-10-06',NULL,NULL,'505181',2,2,2,48,400),(461,'1524151840129','ARUM YUNARSARI','2005-08-01','Rembang','1977-05-16',NULL,NULL,'685766',2,1,2,12,400),(462,'1524162071029','SATIMIN','2005-06-01','gresik','1982-08-02',NULL,NULL,'326050',1,1,2,16,401),(463,'1524172170130','WAHYUNIFAH','2005-07-19','Bima','1983-08-21',NULL,NULL,'111373',2,2,2,19,402),(464,'1524171870144','BLASIUS PAIMUN','1998-02-01','PASURUAN','1962-12-04',NULL,NULL,'500147',1,2,2,13,402),(465,'1524171870260','SUTINAH','2004-11-01','Tabanan','1980-10-29',NULL,NULL,'239554',2,1,2,13,402),(466,'1524175250481','SLAMET','2000-11-01','Mojokerto','1969-09-10',NULL,NULL,'193714',1,2,2,36,402),(467,'1524188100287','DEWINING PRATIWI','1997-03-01','Malang','1972-08-14',NULL,NULL,'611945',2,2,2,48,403),(468,'1524188100290','H. MOH RIFAI','1999-07-10','Gresik','1966-06-15',NULL,NULL,'194696',1,1,2,48,403),(469,'1524182170294','LATIFAH KARTIKAWATI','2005-01-01','KERTAK EMPAT','1977-06-06',NULL,NULL,'987508',2,1,2,19,403),(470,'1524192100107','ANIS MASLUCHAH','2004-01-01','Bangkalan','1984-09-14',NULL,NULL,'926010',2,2,2,17,404),(471,'1524191540232','SUHAYATI','2004-01-01','Lombok Timur','1981-04-28',NULL,NULL,'792526',2,1,2,5,404),(472,'1524191540295','BUDIONO','2003-01-03','Pene','1976-08-25',NULL,NULL,'200414',1,2,2,5,404),(473,'1524191540498','BAMBANG SUWIGNYO','2003-01-20','Gresik','1982-05-21',NULL,NULL,'662041',1,2,2,5,404),(474,'1524208100010','FADELAN','2003-02-01','Gresik','1984-07-10',NULL,NULL,'565466',1,2,2,48,405),(475,'1524212170038','ISPRIYATNI','2004-01-07','Gresik','1974-07-12',NULL,NULL,'514723',2,1,2,19,406),(476,'1524211540263','PURLISTYORINI','1998-07-10','Gresik','1974-06-14',NULL,NULL,'598650',2,1,2,5,406),(477,'1524601540143','BUDI NURYANTO','2003-07-01','Gresik','1979-12-10',NULL,NULL,'259008',1,2,2,5,408),(478,'1524608000488','KUNTARNI','2004-03-10','Gresik','1985-04-02',NULL,NULL,'275589',2,1,2,47,408),(479,'1524602241056','TUMINAH','2004-12-13','DUSUN BARU','1970-10-14',NULL,NULL,'707409',2,2,2,21,408),(480,'1524608101093','MIFTAHUL MASRURO','1994-08-01','Gresik','1968-04-07',NULL,NULL,'280389',2,1,2,48,408),(481,'1524602241095','DWI WAHYUNINGSIH','2004-07-01','Surabaya','1969-04-18',NULL,NULL,'446971',2,1,2,21,408),(482,'1524602241096','SUNARSIH','2004-07-24','Gresik','1983-01-29',NULL,NULL,'238212',2,2,2,21,408),(483,'1528015110308','SUJARNO','2005-07-12','SURABAYA','1978-03-30',NULL,NULL,'986135',1,1,2,33,457),(484,'1530024240157','NURHADI','2004-07-14','Gresik','1979-08-26',NULL,NULL,'687093',1,1,2,26,473),(485,'1513125110003','ARNITA','1995-07-01','Gresik','1972-01-31',NULL,NULL,'656704',2,2,2,33,249),(486,'1601615090074','SUPRAPTO','2001-07-01','Surabaya','1971-06-04',NULL,NULL,'725024',1,2,2,31,3),(487,'1601615110735','JOKO SUWARNO','2004-07-01','Gresik','1969-10-28',NULL,NULL,'282218',1,1,2,33,3),(488,'1601621741092','SUKARDI','2004-07-19','Sidoarjo','1983-07-04',NULL,NULL,'920952',1,2,2,10,4),(489,'1602175122104','HERI SEMBODO','1999-07-01','Gresik','1972-12-06',NULL,NULL,'591932',1,2,2,34,17),(490,'1602195110652','ENDAH SETYOWATI','2004-07-19','Magetan','1972-10-16',NULL,NULL,'860561',2,2,2,33,19),(491,'1603014031052','RUBADI','2004-07-19','Sidoarjo','1975-12-17',NULL,NULL,'318367',1,2,2,23,33),(492,'1603015111338','BIBIT MUDJIANI','2006-04-01','Malang','1978-05-12',NULL,NULL,'970352',2,2,2,33,33),(493,'1603041700443','RATNA DJUMILAH','2006-04-01','Sidoarjo','1981-12-07',NULL,NULL,'687901',2,2,2,9,36),(494,'1603085390763','TUTIK NAINI','2006-07-17','Kediri','1984-08-11',NULL,NULL,'114751',2,1,2,39,40),(495,'1603095390956','LAILATUS SYARIFAH','2005-01-02','TENTE','1986-06-21',NULL,NULL,'209209',2,1,2,39,41),(496,'1603125110664','Yuni Wulandari','2009-03-01','Kambaniru','1980-07-27',NULL,NULL,'267509',2,1,2,33,44),(497,'1603175110216','SRI RETNA PRATIWI','2009-03-01','Jombang','1988-07-28',NULL,NULL,'974450',2,1,2,33,49),(498,'1603175110244','EKO HERU PURWANTO','2010-01-01','Tegal','1983-09-28',NULL,NULL,'339065',1,2,2,33,49),(499,'1603221700174','VIVA CHANIFAH','2011-01-01','Gresik','1987-01-25',NULL,NULL,'994205',2,1,2,9,54),(500,'1603231700168','PURWANINGSIH','2010-01-01','Tegal','1984-07-23',NULL,NULL,'623451',2,1,2,9,55),(501,'1603231708031','ZULYATI','2010-01-01','Gunungkidul','1979-08-28',NULL,NULL,'208195',2,1,2,9,55),(502,'1603246160217','DIDIK SURYADI','2009-03-01','Jombang','1982-10-06',NULL,NULL,'253559',1,1,2,43,56),(503,'1603241700546','SILVIA RATNA DEWI DIPUTRI','2012-07-06','TRENGGALEK','1985-04-04',NULL,NULL,'201209',2,2,2,9,56),(504,'1603246161296','AGUNG WICAKSONO','1996-07-01','Klaten','1970-12-19',NULL,NULL,'539168',1,2,2,43,56),(505,'1603251600543','SUNARTI','2010-01-01','Sempor Kebumen','1978-07-09',NULL,NULL,'721005',2,1,2,8,57),(506,'1603281600637','MINHADI EFENDI','2009-03-01','Batuah','1984-10-19',NULL,NULL,'382634',1,1,2,8,60),(507,'1603295111431','RINI JULIASTUTI','2006-07-16','Sidoarjo','1984-11-11',NULL,NULL,'533941',2,1,2,33,61),(508,'1603611608021','TITIN MUSTIKA','2009-02-01','Surabaya','1985-06-13',NULL,NULL,'390369',2,1,2,8,63),(509,'1603611600168','ALFRET  D.P. NESIMNASI','2010-04-01','Sidoarjo','1988-07-16',NULL,NULL,'814066',1,1,2,8,63),(510,'1603625390419','UTOMO','1989-07-16','Gresik','1968-08-05',NULL,NULL,'141307',1,1,2,39,64),(511,'1603621700499','INDAH KURNIAWATI','2010-01-01','Surabaya','1983-12-29',NULL,NULL,'529876',2,2,2,9,64),(512,'1603625390567','SULISTYANI','1993-08-31','Gresik','1973-07-03',NULL,NULL,'798778',2,1,2,39,64),(513,'1603631701826','NUR HAYATI','2010-04-12','Kupang','1979-11-24',NULL,NULL,'762028',2,1,2,9,65),(514,'1603634061987','SUWARDI','2004-07-16','Gresik','1981-11-05',NULL,NULL,'928741',1,1,2,24,65),(515,'1603651708014','ROCHMAN ARIF','2010-01-01','Bojonegoro','1987-01-20',NULL,NULL,'650630',1,2,2,9,67),(516,'1603651708007','YUYUN HERLINA','2010-01-01','Gresik','1986-11-16',NULL,NULL,'194417',2,2,2,9,67),(517,'1604014061335','TARYONO','2004-07-21','Kupang','1982-11-22',NULL,NULL,'655051',1,2,2,24,68),(518,'1604015392119','ENY MUHIBBATUZZUHROH','2003-07-01','Gresik','1982-05-10',NULL,NULL,'419235',2,2,2,39,68),(519,'1604031600721','DEVI INDRA RINI','2010-01-01','Gresik','1984-06-05',NULL,NULL,'658021',2,2,2,8,70),(520,'1604044030027','EDY PURWANTO','2002-07-01','Gresik','1981-05-24',NULL,NULL,'993301',1,2,2,23,71),(521,'1604601600054','MUHAMMAD FAHRIS','2010-01-01','Sidoarjo','1983-07-23',NULL,NULL,'354976',1,2,2,8,72),(522,'1605011570008','SAWIYARTI','2004-08-16','Pekalongan','1966-11-27',NULL,NULL,'183043',2,2,2,7,73),(523,'1605010270013','NUR HIDAYAT','2004-07-01','Gresik','1979-11-10',NULL,NULL,'264507',1,1,2,2,73),(524,'1605010278001','ERNA SETYAWATI','2005-01-02','Gresik','1984-04-12',NULL,NULL,'183796',2,1,2,2,73),(525,'1605012170039','SETYOBUDI','2009-01-01','Gresik','1982-11-21',NULL,NULL,'982118',1,1,2,19,73),(526,'1605010278008','NUNIK WORO PUJIASTUTI','2002-07-02','Tuban','1970-06-13',NULL,NULL,'181580',2,1,2,2,73),(527,'1605011800046','NINING ALFIAH','2011-07-11','Nganjuk','1992-07-24',NULL,NULL,'915425',2,2,2,11,73),(528,'1605012240055','Sulaeli','2010-01-01','Ponorogo','1982-09-06',NULL,NULL,'228154',2,2,2,21,73),(529,'1605010270062','ASIANI','2004-07-01','Surabaya','1983-08-11',NULL,NULL,'156392',2,1,2,2,73),(530,'1605012200066','RIYAWAN','2007-07-15','Gresik','1986-04-30',NULL,NULL,'800265',1,1,2,20,73),(531,'1605010270088','LISTYOHADI','2004-01-07','KARANGKEMIRI','1971-08-14',NULL,NULL,'637891',1,1,2,2,73),(532,'1605010270096','SUPRASTIJONO','2009-01-01','Surabaya','1976-09-01',NULL,NULL,'645067',1,1,2,2,73),(533,'1605012070099','SRI EDINING RAHAYU','2006-07-17','Banjarmasin','1983-10-31',NULL,NULL,'228753',2,2,2,16,73),(534,'1605010208029','SUTARDI','2007-07-17','Bandung','1981-02-26',NULL,NULL,'728008',1,1,2,1,73),(535,'1605010200112','AGNES KARTIKA EKASARI','1990-01-01','Denpasar','1963-12-11',NULL,NULL,'693284',2,1,2,1,73),(536,'1605010270124','SUPARDI','2003-07-01','Surabaya','1980-07-17',NULL,NULL,'616246',1,2,2,2,73),(537,'1605010270133','RAYMUNDA DHIU','2009-07-13','Blitar','1974-10-26',NULL,NULL,'672595',2,2,2,2,73),(538,'1605010278002','NUR BUDIONO','2003-07-21','Gresik','1977-04-04',NULL,NULL,'249011',1,1,2,2,73),(539,'1605010970145','LUKMAN','2004-07-21','Gresik','1972-10-19',NULL,NULL,'515671',1,2,2,3,73),(540,'1605011560156','R. SRI WAHYUNI','2004-07-14','Surabaya','1974-05-15',NULL,NULL,'886927',2,1,2,6,73),(541,'1605010270162','Z. BADRIYAH','2009-07-01','Sidoarjo','1987-09-08',NULL,NULL,'833788',2,1,2,2,73),(542,'1605018100165','NAFI\'AH','2011-01-01','Blitar','1987-10-21',NULL,NULL,'431971',2,2,2,48,73),(543,'1605017468031','KHAYATUN','2009-01-01','Madiun','1983-03-05',NULL,NULL,'218433',2,1,2,46,73),(544,'1605011800174','SOFFIA EFFENDI','2008-12-01','Mojokerto','1985-01-25',NULL,NULL,'976245',2,1,2,11,73),(545,'1605010270178','OKTAVIA PRIH KAWEDAR','2007-07-01','Grobogan','1981-09-16',NULL,NULL,'192432',2,1,2,2,73),(546,'1605012240183','AMINI','2005-07-04','Rabakodo','1980-02-28',NULL,NULL,'273350',2,1,2,21,73),(547,'1605012240188','AGUS SULISTIONO','2005-08-01','KALABAHI','1978-11-09',NULL,NULL,'938944',1,1,2,21,73),(548,'1605010270189','SITI ROMDIYAH','2004-05-05','Bandung','1971-03-05',NULL,NULL,'611664',2,1,2,2,73),(549,'1605011578014','MUNAWAROH','2003-09-09','Sumenep','1983-12-15',NULL,NULL,'128305',2,1,2,7,73),(550,'1605010270191','SITI JUWARIYAH','2004-01-15','Lombok Timur','1980-04-06',NULL,NULL,'805609',2,2,2,2,73),(551,'1605010270201','ASMIATI','2008-07-18','Lamongan','1985-01-13',NULL,NULL,'540982',2,1,2,2,73),(552,'1605010970227','NIKEN AYU CANDRA WULAN','2008-07-01','Sidoarjo','1984-02-24',NULL,NULL,'558600',2,2,2,3,73),(553,'1605018100238','PONARI','2009-01-01','Surabaya','1983-01-04',NULL,NULL,'725410',1,2,2,48,73),(554,'1605012170241','SUSY HUMAYRAH','2009-01-01','Surakarta','1979-11-19',NULL,NULL,'615883',2,1,2,19,73),(555,'1605010270248','SITI ZULAIKAH','2004-01-01','Gresik','1982-04-19',NULL,NULL,'866349',2,1,2,2,73),(556,'1605010270262','SITI NURHAYATI','2000-12-18','Tulungagung','1979-04-24',NULL,NULL,'344014',2,2,2,2,73),(557,'1605011000283','SUPADI','2004-07-01','Gresik','1983-06-07',NULL,NULL,'581183',1,1,2,4,73),(558,'1605010270315','NINIK MULYANI','2007-08-01','Klaten','1983-05-02',NULL,NULL,'655982',2,1,2,2,73),(559,'1605010270319','LILIES PUSPARINI','2004-07-01','Gresik','1980-06-20',NULL,NULL,'969541',2,1,2,2,73),(560,'1605011800321','SATUKAH','2011-01-01','Mojokerto','1987-04-18',NULL,NULL,'358684',2,1,2,11,73),(561,'1605010270327','WANINTEN','2004-07-01','Gresik','1980-03-18',NULL,NULL,'705873',2,1,2,2,73),(562,'1605011700332','MUNAWAROH','2007-07-16','Bangkalan','1987-09-17',NULL,NULL,'717091',2,1,2,9,73),(563,'1605010200334','MUHAMMAD SYARIFUDDIN','2009-06-15','Gresik','1986-10-06',NULL,NULL,'246783',1,1,2,1,73),(564,'1605010270335','FAHADAH','2011-01-01','Gresik','1986-09-22',NULL,NULL,'412859',2,1,2,2,73),(565,'1605010270338','SUBAGIJO','2002-07-02','Lombok Timur','1977-11-01',NULL,NULL,'985014',1,2,2,2,73),(566,'1605010270363','LIAH','2005-01-03','Billa','1975-08-06',NULL,NULL,'425791',2,1,2,2,73),(567,'1605011700369','JARWADI','2008-07-24','Sidoarjo','1983-08-14',NULL,NULL,'487400',1,2,2,9,73),(568,'1605010270377','SODIKIN','2004-03-01','Gresik','1981-05-20',NULL,NULL,'882809',1,2,2,2,73),(569,'1605010270385','TITIN HENDARWATI','2003-01-01','Gresik','1983-05-13',NULL,NULL,'666357',2,2,2,2,73),(570,'1605010270393','MOCH SYAFII','2005-01-05','Sumba Timur','1974-11-18',NULL,NULL,'138096',1,1,2,2,73),(571,'1605010270398','KARNOKO','2004-07-26','Gresik','1973-07-27',NULL,NULL,'590208',1,2,2,2,73),(572,'1605012248003','SOIM PRANOTO','2004-07-01','Gresik','1979-08-26',NULL,NULL,'346375',1,1,2,21,73),(573,'1605017460418','NUR MUFIDA','2010-01-01','Jombang','1984-08-04',NULL,NULL,'879335',2,2,2,46,73),(574,'1605012240419','GHONIMATUL A\'LA','2009-01-01','Gresik','1980-12-24',NULL,NULL,'926029',2,1,2,21,73),(575,'1605010200434','YAYUK PURWANDARI','2002-07-05','Gresik','1977-04-13',NULL,NULL,'451617',2,1,2,1,73),(576,'1605011570439','ASIH PAMBUDI','2003-07-19','Subang','1975-01-01',NULL,NULL,'551752',2,1,2,7,73),(577,'1605012170465','IKA MARDIANA','2014-01-06','Lombok Timur','1988-08-11',NULL,NULL,'253851',2,2,2,19,73),(578,'1605012200467','TAMUJI','2003-02-01','Surabaya','1970-05-20',NULL,NULL,'302765',1,2,2,20,73),(579,'1605010270468','BAMBANG BUDIONO','2004-11-02','Ketapang','1982-01-24',NULL,NULL,'441865',1,2,2,2,73),(580,'1605010270472','DIAN INDARTI','1993-08-01','Singaraja','1966-05-06',NULL,NULL,'443101',2,1,2,2,73),(581,'1605010270477','FATTAH UDDIN','2000-02-29','Ponorogo','1976-02-27',NULL,NULL,'395155',1,1,2,2,73),(582,'1605010200478','SAPARI','2006-07-01','Surabaya','1987-01-30',NULL,NULL,'799538',1,2,2,1,73),(583,'1605010270483','SITI ALFIYAH','2007-07-16','Gresik','1988-08-02',NULL,NULL,'153642',2,2,2,2,73),(584,'1605010270487','SUPOMO','2002-07-17','Sidoarjo','1976-03-14',NULL,NULL,'906791',1,2,2,2,73),(585,'1605011840509','ZULIFATUL ARIFAH','2009-07-01','Sidoarjo','1985-11-10',NULL,NULL,'336961',2,1,2,12,73),(586,'1605011700516','AGUS YITMANTO','2002-07-17','Gresik','1972-06-24',NULL,NULL,'432961',1,2,2,9,73),(587,'1605011560519','SUNYOTO','2009-01-01','Gresik','1981-09-08',NULL,NULL,'943798',1,2,2,6,73),(588,'1605010270523','SARNI','2004-07-01','Kediri','1984-09-08',NULL,NULL,'821915',2,2,2,2,73),(589,'1605010270541','FIJANNATIN ALIYAH','2003-06-01','Surabaya','1968-11-11',NULL,NULL,'467913',2,1,2,2,73),(590,'1605010270545','MUSTAQIM','2003-12-01','Gresik','1985-08-01',NULL,NULL,'615583',1,1,2,2,73),(591,'1605017468034','NOER ROCHMAH','2009-01-01','Purbalingga','1983-02-22',NULL,NULL,'443158',2,1,2,46,73),(592,'1605010270554','DYAH EKO PRASETYOWATI','2004-05-01','Sidoarjo','1981-01-11',NULL,NULL,'762174',2,1,2,2,73),(593,'1605011800561','PURNAWATI','2006-07-17','Gresik','1981-11-10',NULL,NULL,'860859',2,1,2,11,73),(594,'1605010200564','KOEKOEH SOEBAGIJO','2005-07-15','Gresik','1985-05-16',NULL,NULL,'679008',1,1,2,1,73),(595,'1605018000574','Dewi Nurasih','2013-07-01','Gresik','1987-05-05',NULL,NULL,'225005',2,1,2,47,73),(596,'1605011800588','HODAIBIYAH','2010-07-09','SURABAYA','1984-07-02',NULL,NULL,'536440',2,1,2,11,73),(597,'1605018008033','KARTINI NURHIDAYATI','2013-07-08','Bojonegoro','1985-03-13',NULL,NULL,'197069',2,2,2,47,73),(598,'1605010270595','MOH. JAMALUDIN','2004-11-01','Mojokerto','1984-05-04',NULL,NULL,'208989',1,2,2,2,73),(599,'1605010270598','TARIJAH','2004-01-01','Ambon','1973-10-16',NULL,NULL,'122308',2,1,2,2,73),(600,'1605010270604','SARWATI','2004-06-25','Semarang','1976-09-07',NULL,NULL,'347720',2,1,2,2,73),(601,'1605012170609','SITI CHOLIFAH','2005-09-01','Alor','1980-02-22',NULL,NULL,'373743',2,2,2,19,73),(602,'1605011000622','SUWANTAH','1999-07-17','Gresik','1974-07-25',NULL,NULL,'302818',1,1,2,4,73),(603,'1605012170625','TRISNAWATI','2009-01-01','Surabaya','1978-05-13',NULL,NULL,'467370',2,2,2,19,73),(604,'1605018100627','ENDANG NUGRAH MEGAWATI','2010-01-01','Sidoarjo','1982-01-14',NULL,NULL,'757302',2,2,2,48,73),(605,'1605017460628','CICIK SRI WULANDARI','2009-01-01','Bangkalan','1974-10-01',NULL,NULL,'366530',2,2,2,46,73),(606,'1605010200632','NURUL PREMITAWATI','1995-12-01','Surakarta','1964-09-12',NULL,NULL,'950863',2,2,2,1,73),(607,'1605010200633','ABDUL KOLIK','2005-07-04','Gresik','1981-09-24',NULL,NULL,'857939',1,1,2,1,73),(608,'1605010270636','DIAHAYU SURYAWATI','2006-04-01','Lumajang','1974-06-09',NULL,NULL,'518355',2,1,2,2,73),(609,'1605010278006','DEWI NURASIH','2003-09-01','Gresik','1984-08-07',NULL,NULL,'721953',2,1,2,2,73),(610,'1605011560644','SUGIANI','2005-07-18','Gresik','1972-03-08',NULL,NULL,'284128',2,1,2,6,73),(611,'1605018108035','NI PUTU ASTI ARINI','2009-01-01','Gresik','1981-02-18',NULL,NULL,'469703',2,1,2,48,73),(612,'1605011800656','MOCHAMAD MACHFUD','2004-07-17','Surabaya','1982-05-26',NULL,NULL,'411668',1,2,2,11,73),(613,'1605011570658','TRI NURHAYATI','2004-11-15','TANGGA','1977-02-18',NULL,NULL,'806772',2,2,2,7,73),(614,'1605010978026','TUTUS SETIAWAN','2006-12-29','Malang','1986-09-12',NULL,NULL,'359927',1,1,2,3,73),(615,'1605010270661','ERRIES SUSHANTI','2007-08-01','Nganjuk','1986-11-11',NULL,NULL,'598253',2,2,2,2,73),(616,'1605010270674','SITI KHOTIJAH','2004-07-01','GRESIK','1965-02-18',NULL,NULL,'966207',2,1,2,2,73),(617,'1605011008019','ELMA YUNESTI','2004-07-16','Sidoarjo','1986-03-03',NULL,NULL,'728306',2,1,2,4,73),(618,'1605010270686','NINIK HARININGSIH','2007-08-01','Nganjuk','1986-04-07',NULL,NULL,'897441',2,1,2,2,73),(619,'1605010270687','MUSTARI','2003-06-01','Gresik','1973-07-05',NULL,NULL,'933175',1,2,2,2,73),(620,'1605010270694','KARTIANIK','2004-07-02','Surabaya','1982-09-18',NULL,NULL,'247352',2,2,2,2,73),(621,'1605011800699','SRI PUJI LESTARI','2006-07-17','Gresik','1983-07-02',NULL,NULL,'854477',2,2,2,11,73),(622,'1605010270706','HINDRI MAULUDFIANA','1992-07-18','Surabaya','1966-12-03',NULL,NULL,'978324',2,2,2,2,73),(623,'1605010200707','ISTIFADAH','1996-09-02','Surabaya','1967-09-18',NULL,NULL,'794326',2,2,2,1,73),(624,'1605011570709','ABDUL KOLIQ','2005-07-05','Lombok Tengah','1977-03-27',NULL,NULL,'112073',1,2,2,7,73),(625,'1605012200723','SUMARDI','2009-01-01','Gresik','1984-08-02',NULL,NULL,'481755',1,2,2,20,73),(626,'1605010270727','POEDJI  RAHAJOE','2001-07-01','Tuban','1979-06-23',NULL,NULL,'721237',2,2,2,2,73),(627,'1605010270729','DIAN YULIANA','2011-01-01','Sidoarjo','1983-05-01',NULL,NULL,'505230',2,2,2,2,73),(628,'1605018108028','ARIF MUTTAQIN','2011-01-01','Mojokerto','1986-05-14',NULL,NULL,'972370',1,2,2,48,73),(629,'1605011570734','SRI ASTUTI','2007-07-01','Bokin','1984-02-10',NULL,NULL,'111126',2,2,2,7,73),(630,'1605011700744','SLAMET HARIONO','2004-07-18','Sidoarjo','1984-10-20',NULL,NULL,'848769',1,2,2,9,73),(631,'1605010200745','ROKANAH','2005-07-05','Blitar','1980-08-17',NULL,NULL,'845577',2,2,2,1,73),(632,'1605010970755','BAENAWATI','2009-01-01','Surabaya','1982-11-13',NULL,NULL,'971698',2,2,2,3,73),(633,'1605012240768','SOEDJIANA','2009-07-13','Madiun','1986-09-18',NULL,NULL,'143716',2,2,2,21,73),(634,'1605010270776','SUYADI','2004-11-16','Surabaya','1979-08-18',NULL,NULL,'422239',1,2,2,2,73),(635,'1605012240781','ASPAROH','2009-01-01','SURABAYA','1985-07-22',NULL,NULL,'417489',2,2,2,21,73),(636,'1605010270793','MUKHAMAD TAUFIK UROKHMAN','2004-07-05','Trenggalek','1981-05-23',NULL,NULL,'166087',1,1,2,2,73),(637,'1605010270796','SUWARNI','2004-07-18','Jakarta','1976-04-23',NULL,NULL,'359273',2,1,2,2,73),(638,'1605010270797','ANANG SUGIANTO','2004-04-03','Gresik','1975-03-08',NULL,NULL,'442333',1,1,2,2,73),(639,'1605010270802','LULUK MUNZILAH','2007-01-01','Jombang','1973-04-06',NULL,NULL,'574287',2,2,2,2,73),(640,'1605010270814','USIANAH','2004-08-12','Gresik','1967-10-05',NULL,NULL,'280552',2,2,2,2,73),(641,'1605012170821','SUMARJI','2009-01-01','Kediri','1983-01-03',NULL,NULL,'863555',1,1,2,19,73),(642,'1605011560833','MIRA ADHININGGAR','2006-09-18','Jombang','1981-04-16',NULL,NULL,'928609',2,1,2,6,73),(643,'1605011570836','MOH. SYAIKHUL AMIN','2004-07-19','Gresik','1981-05-14',NULL,NULL,'969265',1,1,2,7,73),(644,'1605012240842','KHASBIYAH','2009-01-01','Sumenep','1987-03-03',NULL,NULL,'200222',2,1,2,21,73),(645,'1605010270852','NAUMI','2004-07-07','Lombok Tengah','1979-12-31',NULL,NULL,'752141',2,1,2,2,73),(646,'1605011540856','PARWANTI','2006-07-17','Sidoarjo','1978-11-27',NULL,NULL,'423078',2,1,2,5,73),(647,'1605010270859','NANIK SUHARTINI','2003-07-10','Gresik','1979-03-09',NULL,NULL,'154424',2,2,2,2,73),(648,'1605011600864','SUMARDI','2003-12-02','Kendal','1958-05-02',NULL,NULL,'128056',1,1,2,8,73),(649,'1605010270866','SUWARNI','2003-01-01','MANGGARAI','1965-11-20',NULL,NULL,'790223',2,2,2,2,73),(650,'1605010270877','BAMBANG TETUKO','2003-03-12','Gresik','1982-12-10',NULL,NULL,'885595',1,2,2,2,73),(651,'1605012200893','ANANG ANSORI','2003-05-20','Klaten','1978-03-21',NULL,NULL,'673688',1,2,2,20,73),(652,'1605010270894','YUSWENI','2002-08-01','BIMA','1977-01-03',NULL,NULL,'552560',2,2,2,2,73),(653,'1605011800904','MUTRIYAH','2009-01-01','Jakarta','1983-03-19',NULL,NULL,'455942',2,2,2,11,73),(654,'1605010270909','SULASTRI','2002-07-13','Malang','1971-03-27',NULL,NULL,'972764',2,2,2,2,73),(655,'1605010200917','EKO SRI MINARTI','1988-03-01','Bangkalan','1967-09-08',NULL,NULL,'695456',2,2,2,1,73),(656,'1605010278032','RUDI RAHMAT','2011-01-01','Sidoarjo','1979-11-07',NULL,NULL,'615921',1,2,2,2,73),(657,'1605010270943','ENDANG MINARTO','2003-07-01','Surabaya','1976-08-09',NULL,NULL,'962264',1,1,2,2,73),(658,'1605010270954','SUHIRMAN','2003-07-14','Gresik','1979-02-08',NULL,NULL,'969213',1,2,2,2,73),(659,'1605011800955','ALIMATUL KHOIRIYAH','2009-07-21','Jombang','1984-04-24',NULL,NULL,'557449',2,1,2,11,73),(660,'1605012240968','SAMAUN','2008-07-01','Gresik','1984-02-11',NULL,NULL,'654805',1,1,2,21,73),(661,'1605010270972','MT.SUGIYARNI','2003-07-15','Gresik','1978-06-05',NULL,NULL,'125270',2,2,2,2,73),(662,'1605018100974','AGUNG YULIANA','2010-01-01','Mojokerto','1986-04-08',NULL,NULL,'251294',2,2,2,48,73),(663,'1605010270988','SRI UTAMI','2002-12-01','Sumba Barat Daya','1963-11-01',NULL,NULL,'508165',2,1,2,2,73),(664,'1605012140989','DWI ARIS TIAWATI','2010-01-01','Bojonegoro','1986-09-29',NULL,NULL,'275704',2,2,2,18,73),(665,'1605012100998','AHMAD GUNADI','2010-01-01','Pasuruan','1985-10-12',NULL,NULL,'740035',1,2,2,17,73),(666,'1605011571011','BIMASARI AJUNANI JUJUN','2007-01-01','Tasikmalaya','1978-08-30',NULL,NULL,'142975',2,1,2,7,73),(667,'1605010271013','NANIK SRI WAHYUNINGSIH','2003-07-21','Lamongan','1981-12-12',NULL,NULL,'816622',2,1,2,2,73),(668,'1605011871024','TOETIK MOELYATI','2009-01-01','Sumenep','1974-04-02',NULL,NULL,'706108',2,2,2,13,73),(669,'1605011578013','SUKIMAN','1999-07-19','Surabaya','1974-05-24',NULL,NULL,'979407',1,2,2,7,73),(670,'1605010271033','TUTIK SUNARYATI','1985-02-05','GRESIK','1962-04-08',NULL,NULL,'579156',2,2,1,2,73),(671,'1605018101048','WARTINI','2008-01-09','Muara Jawa','1987-08-12',NULL,NULL,'289652',2,1,2,48,73),(672,'1605011571052','WIWIN SRI WIJAYATI','2005-07-19','Bima','1984-03-08',NULL,NULL,'214366',2,1,2,7,73),(673,'1605011571059','NURYATI','2001-06-30','TUBAN','1962-01-13',NULL,NULL,'376285',2,2,2,7,73),(674,'1605011571083','SUTIJONARDI','1990-08-01','Gresik','1966-06-07',NULL,NULL,'839484',1,2,2,7,73),(675,'1605012201085','MISTUN','2004-07-10','Gresik','1981-11-17',NULL,NULL,'267211',2,1,2,20,73),(676,'1605010201088','RITA SETIYAWATI','1991-08-14','Gresik','1972-02-05',NULL,NULL,'499101',2,2,2,1,73),(677,'1605010201096','YULI HANANTO','1998-06-24','MAKALE','1971-08-18',NULL,NULL,'171478',1,1,2,1,73),(678,'1605018101099','UMI UTARI','2006-04-01','Sidoarjo','1971-06-12',NULL,NULL,'259630',2,1,2,48,73),(679,'1605011908027','RATNA WAHYUNI HADIYATI','2008-07-19','Malang','1989-07-04',NULL,NULL,'375611',2,1,2,14,73),(680,'1605010201104','YENI LESTARI','1992-06-30','Kota Malang','1968-10-16',NULL,NULL,'624366',2,2,2,1,73),(681,'1605010201107','MUNAWAR','1994-03-01','Ponorogo','1963-09-04',NULL,NULL,'871255',1,1,2,1,73),(682,'1605010201109','NUR FADILATUL IFA','1997-02-01','Mojokerto','1970-06-09',NULL,NULL,'149140',2,1,2,1,73),(683,'1605010278005','EVA SUSANA','2004-07-31','Surabaya','1969-05-21',NULL,NULL,'443539',2,2,2,2,73),(684,'1605011561112','SUPRIYATI','2005-01-01','Gresik','1967-02-18',NULL,NULL,'371129',2,2,2,6,73),(685,'1605010201113','KAMILA','1989-09-01','Surabaya','1962-09-10',NULL,NULL,'468487',2,2,2,1,73),(686,'1605010201114','NURITA','1993-04-01','Salatiga','1964-02-29',NULL,NULL,'485497',2,1,2,1,73),(687,'1605010201118','ADI SETIYO','2006-01-01','Bojonegoro','1987-10-01',NULL,NULL,'884137',1,1,2,1,73),(688,'1605011571119','MAHMUDAH','2005-01-01','Nganjuk','1982-09-19',NULL,NULL,'204317',2,2,2,7,73),(689,'1605010201122','ISWANDI','2004-05-12','Gresik','1981-04-21',NULL,NULL,'421948',1,1,2,1,73),(690,'1605010201124','NUR WINARSIH','2001-10-01','Surabaya','1967-05-20',NULL,NULL,'242005',2,2,2,1,73),(691,'1605010971129','NGARTIKAH','2004-07-07','Lombok Timur','1980-06-25',NULL,NULL,'248339',2,1,2,3,73),(692,'1605010272049','SUGIYAT','2004-02-03','Gresik','1983-07-15',NULL,NULL,'189353',1,2,2,2,73),(693,'1605010272052','KEN YULIATI','2000-07-01','Gresik','1975-07-27',NULL,NULL,'797007',2,2,2,2,73),(694,'1605010202057','CHOMSATUN','2009-02-01','Jakarta','1983-10-07',NULL,NULL,'977950',2,1,2,1,73),(695,'1605010202068','M.NUSRON','1994-10-01','Banjaratma','1959-06-03',NULL,NULL,'879255',1,1,2,1,73),(696,'1605022078028','AGUS WINARDI','2006-04-01','Magetan','1972-07-12',NULL,NULL,'798045',1,1,2,16,74),(697,'1605028100014','MARYADI','2010-01-01','Sidoarjo','1984-02-28',NULL,NULL,'323270',1,1,2,48,74),(698,'1605020270018','MURWANIATI','2008-10-08','Gresik','1986-02-14',NULL,NULL,'378113',2,2,2,2,74),(699,'1605021840038','DWI ROSILAWATI','2009-07-01','KEDIRI','1986-07-27',NULL,NULL,'184623',2,2,2,12,74),(700,'1605021608022','ASIYATURRAHIMAH','2009-02-01','Surabaya','1981-07-15',NULL,NULL,'352235',2,1,2,8,74),(701,'1605022240055','IMAM','2009-06-01','Jember','1987-06-26',NULL,NULL,'304834',1,1,2,21,74),(702,'1605020270059','WILDIYAH ZULFA','2006-07-16','Sidoarjo','1975-12-10',NULL,NULL,'606352',2,2,2,2,74),(703,'1605022240063','LILIK ROCHIMAH','2009-07-01','Sidoarjo','1981-08-22',NULL,NULL,'216526',2,2,2,21,74),(704,'1605020270066','SUTOPO','2004-05-24','surabaya','1983-10-23',NULL,NULL,'199628',1,1,2,2,74),(705,'1605022240067','DEWI HANIFAH','2010-01-01','Bondowoso','1983-04-21',NULL,NULL,'531853',2,1,2,21,74),(706,'1605022240074','DIAN NOFALIA','2009-06-01','BONDOWOSO','1981-08-11',NULL,NULL,'975343',2,2,2,21,74),(707,'1605021800094','WIDARNINGSIH','2008-07-14','Nganjuk','1989-08-09',NULL,NULL,'662715',2,2,2,11,74),(708,'1605020270104','SITI NAFIAH','2005-11-17','Kupang','1977-02-28',NULL,NULL,'592945',2,1,2,2,74),(709,'1605028100118','TRI WAHYUNI WULANSASI','2010-01-01','Jember','1988-03-26',NULL,NULL,'759342',2,1,2,48,74),(710,'1605021700131','SUWATNO','2008-07-01','Trenggalek','1974-07-11',NULL,NULL,'561479',1,2,2,9,74),(711,'1605020200138','MULYANINGSIH','2004-07-19','Surabaya','1974-10-22',NULL,NULL,'748164',2,1,2,1,74),(712,'1605022170147','SAMI RAHAYU','2006-04-01','Probolinggo','1972-07-17',NULL,NULL,'565896',2,1,2,19,74),(713,'1605020270178','KALYUBI','2007-10-21','Gresik','1983-10-16',NULL,NULL,'379125',1,2,2,2,74),(714,'1605020200182','MULYANAH','1997-03-01','Madiun','1969-05-08',NULL,NULL,'440330',2,2,2,1,74),(715,'1605022200186','YAYUK HANDAYANI','2009-02-01','Surabaya','1983-07-30',NULL,NULL,'179226',2,1,2,20,74),(716,'1605020270198','RUSMINI','2007-01-01','Mojokerto','1988-07-31',NULL,NULL,'429322',2,1,2,2,74),(717,'1605020270201','ENDAH MASLACHAH','2009-07-01','Jombang','1987-10-28',NULL,NULL,'969569',2,1,2,2,74),(718,'1605022200203','ENDANG RETNO SETYONINGSIH','2010-01-01','Sidoarjo','1987-04-15',NULL,NULL,'260793',2,1,2,20,74),(719,'1605022070206','Amiatun','2009-08-01','Tuban','1983-09-09',NULL,NULL,'647704',2,1,2,16,74),(720,'1605020270207','SHOFIYATUN','2010-01-01','Sidoarjo','1987-05-01',NULL,NULL,'222242',2,1,2,2,74),(721,'1605023300218','JULFAIDAH','2006-07-17','Surabaya','1980-07-30',NULL,NULL,'334769',2,2,2,22,74),(722,'1605020208035','BERNADETHA BANGI ATA','2009-03-01','Nganjuk','1989-07-01',NULL,NULL,'353703',2,1,2,1,74),(723,'1605020270245','RATRI RESPATI NUGRAHANI','2007-01-02','Jurang Jaler Praya','1982-09-28',NULL,NULL,'543379',2,2,2,2,74),(724,'1605020278002','HENDAR MULYONOADI','2004-12-01','Gresik','1982-02-19',NULL,NULL,'542316',1,2,2,2,74),(725,'1605022040263','NI NYOMAN PANJI PRIHATINI SATYAWATHI','2009-02-01','Blitar','1977-09-18',NULL,NULL,'906513',2,1,2,15,74),(726,'1605022240269','R. YUDY KUSUMA DANARIANTA','2005-07-21','Gresik','1978-04-02',NULL,NULL,'377607',1,2,2,21,74),(727,'1605022140283','NIKMATUR ROKHMAH','2009-02-01','Surabaya','1983-03-21',NULL,NULL,'976178',2,2,2,18,74),(728,'1605020270285','ACMAD SUKUR','2010-04-14','Nganjuk','1990-07-17',NULL,NULL,'902314',1,2,2,2,74),(729,'1605020270286','SANTOSO ABETNEGO','2011-07-18','Bangkalan','1987-08-05',NULL,NULL,'496870',1,1,2,2,74),(730,'1605021570312','SUHARTO','2006-04-01','Samarinda','1982-09-14',NULL,NULL,'301445',1,1,2,7,74),(731,'1605028100331','BURHAN','2009-02-01','Kediri','1978-08-28',NULL,NULL,'422100',1,1,2,48,74),(732,'1605020270344','SRI WIDIASTUTI','2004-07-21','Gresik','1970-02-22',NULL,NULL,'360960',2,2,2,2,74),(733,'1605022208033','JANAINAH','2009-02-01','Blitar','1979-02-18',NULL,NULL,'449794',2,1,2,20,74),(734,'1605022140355','SATROLI','2009-02-01','Sidoarjo','1985-04-15',NULL,NULL,'538864',1,1,2,18,74),(735,'1605020270362','NUNIK MAHMUDAH','2007-06-05','Gresik','1982-10-12',NULL,NULL,'877524',2,1,2,2,74),(736,'1605020270364','TRI KRISTIYANI PENI LESTARI','2009-01-01','Gresik','1981-06-26',NULL,NULL,'310102',2,1,2,2,74),(737,'1605022240381','ANASTASIA MOERTODJO','2009-02-01','Klaten','1985-04-07',NULL,NULL,'163274',2,1,2,21,74),(738,'1605020278026','ERWANTO','2011-01-01','Surabaya','1988-12-23',NULL,NULL,'335483',1,2,2,2,74),(739,'1605020270417','PLAVIANA VICTORYA BETAN','2010-07-12','Mojokerto','1977-09-30',NULL,NULL,'697461',2,2,2,2,74),(740,'1605020200433','RIAMA ENDRAYANI','1995-07-01','Sidoarjo','1965-11-15',NULL,NULL,'446617',2,1,2,1,74),(741,'1605020270441','JURIYAH','2010-01-01','Sidoarjo','1987-04-18',NULL,NULL,'319106',2,2,2,2,74),(742,'1605022240456','EKO BUDI PURNOMO','2009-02-01','Surabaya','1984-07-19',NULL,NULL,'935149',1,1,2,21,74),(743,'1605020200467','NUR CHOLIS','1999-03-01','Jember','1974-02-18',NULL,NULL,'256192',1,2,2,1,74),(744,'1605020270472','LILIK RUKAYATI','2011-01-01','Jombang','1986-03-23',NULL,NULL,'509034',2,1,2,2,74),(745,'1605028100474','HAIRATUL BASYARIYAH','2010-01-01','Sidoarjo','1987-05-01',NULL,NULL,'273768',2,1,2,48,74),(746,'1605021800476','KHUSNIYAH WATI','2009-04-01','Batualu','1983-11-10',NULL,NULL,'976857',2,1,2,11,74),(747,'1605022208034','INDRI FAJARWATI','2011-01-01','Sidoarjo','1983-02-22',NULL,NULL,'933912',2,1,2,20,74),(748,'1605021800485','Meini Triswati','2008-07-01','Mojokerto','1985-08-04',NULL,NULL,'627734',2,2,2,11,74),(749,'1605020270488','YUNI WIJAYANTI','2011-01-01','Gresik','1981-09-21',NULL,NULL,'515898',2,2,2,2,74),(750,'1605020200526','SRI WAHYUNI','2002-07-01','Gresik','1977-06-23',NULL,NULL,'943583',2,1,2,1,74),(751,'1605021570527','SITI MAWADDAH','2009-07-01','Banjarnegara','1980-01-21',NULL,NULL,'495289',2,2,2,7,74),(752,'1605022240545','BERNADUS JEHAMUN','2009-02-01','Nganjuk','1981-10-02',NULL,NULL,'278684',1,1,2,21,74),(753,'1605020270563','PETRUS HAJIT','2007-07-14','MAGETAN','1982-12-22',NULL,NULL,'254781',1,2,2,2,74),(754,'1605022240583','ALIYATUN','2011-01-01','Bangkalan','1981-07-29',NULL,NULL,'160402',2,1,2,21,74),(755,'1605028100587','NING SUGIARTI','2008-08-01','Samarinda','1983-08-11',NULL,NULL,'945695',2,2,2,48,74),(756,'1605020270588','SUHARNANIK','2009-01-03','Samarinda','1989-06-14',NULL,NULL,'557473',2,1,2,2,74),(757,'1605022170611','MOH. SOLEH','2009-02-01','Sidoarjo','1983-11-29',NULL,NULL,'116604',1,1,2,19,74),(758,'1605020270613','HARI MURTI','2008-07-01','Surabaya','1983-09-26',NULL,NULL,'948593',2,1,2,2,74),(759,'1605020270614','SITI WINARNI','2011-01-01','Bojonegoro','1980-08-25',NULL,NULL,'443650',2,1,2,2,74),(760,'1605020200628','SUDARWO','2002-07-19','Nganjuk','1980-03-30',NULL,NULL,'655131',1,2,2,1,74),(761,'1605020270632','DINI FITHRIA NURUL AISYAH','2011-01-01','Barang','1983-07-01',NULL,NULL,'632584',2,1,2,2,74),(762,'1605020270633','RUSLI','2010-01-01','Surabaya','1983-08-11',NULL,NULL,'627492',1,2,2,2,74),(763,'1605020270634','WAQIF MUDAFFAR','2010-04-01','Sidoarjo','1986-03-11',NULL,NULL,'792056',1,2,2,2,74),(764,'1605022170641','MELYANE','2009-02-01','Surabaya','1983-06-18',NULL,NULL,'416850',2,1,2,19,74),(765,'1605020200644','AMIE SUPENI','1998-07-20','Indramayu','1974-07-17',NULL,NULL,'760107',2,2,2,1,74),(766,'1605020278023','LILIK ERNAWATI','2006-03-09','Jombang','1980-12-05',NULL,NULL,'138942',2,1,2,2,74),(767,'1605021560677','RETNO DWI TJAHJANDARI','2003-07-13','Ngawi','1976-12-04',NULL,NULL,'791621',2,2,2,6,74),(768,'1605022200681','SRI WILUJENG','2009-02-01','Surabaya','1987-11-01',NULL,NULL,'677056',2,1,2,20,74),(769,'1605020270682','TAUFIQ','2008-08-02','Balikpapan','1985-05-20',NULL,NULL,'316118',1,1,2,2,74),(770,'1605022170689','ISMATUL IZZAH','2009-02-01','Lamongan','1981-12-18',NULL,NULL,'370950',2,1,2,19,74),(771,'1605022208009','RIA WULANSARI','1990-03-01','Gresik','1962-03-17',NULL,NULL,'802594',2,1,2,20,74),(772,'1605022170721','AGUNG PRAYOGA','2009-02-01','Sidoarjo','1987-05-10',NULL,NULL,'534471',1,1,2,19,74),(773,'1605021800726','SRI MURYATI','2002-07-18','Sumenep','1983-07-18',NULL,NULL,'425508',2,1,2,11,74),(774,'1605020270736','ZAINAL ABIDIN','2009-01-05','Sidoarjo','1985-12-31',NULL,NULL,'590039',1,1,2,2,74),(775,'1605020278032','UNDARI','2008-03-01','Mojokerto','1977-01-11',NULL,NULL,'291177',2,2,2,2,74),(776,'1605021570748','NATALIA GAB YOSEFINA  KOLE','2010-07-14','Lamongan','1987-05-04',NULL,NULL,'771742',2,2,2,7,74),(777,'1605028100757','SRI HARIJATI','2009-02-01','Jombang','1986-07-16',NULL,NULL,'277615',2,1,2,48,74),(778,'1605022200762','RAMBU KARAJI DAWI NGANA','2009-05-10','Gresik','1981-11-25',NULL,NULL,'883968',2,1,2,20,74),(779,'1605020200763','Fatonah','1985-04-01','KEDIRI','1961-12-01',NULL,NULL,'250808',2,2,1,1,74),(780,'1605020200777','KARIYONO','1999-10-17','Lamongan','1973-01-07',NULL,NULL,'595147',1,2,2,1,74),(781,'1605020970778','SRI HARTATIK','2008-07-01','Banyuwangi','1979-10-06',NULL,NULL,'333092',2,2,2,3,74),(782,'1605020270783','ATUNG YUNARTO','2006-12-01','Tuban','1978-07-14',NULL,NULL,'727160',1,1,2,2,74),(783,'1605021570786','SRIYANTO','2006-07-01','Surabaya','1979-12-02',NULL,NULL,'926513',1,1,2,7,74),(784,'1605020270791','MUSRIFAH DWI SAKTIANI','2006-08-02','Jombang','1981-01-03',NULL,NULL,'304984',2,2,2,2,74),(785,'1605020270807','EKA NOVVY PRASETYOWATI','2010-01-01','Samarinda','1985-07-08',NULL,NULL,'827190',2,2,2,2,74),(786,'1605020270811','NURUL ARLIYAH','2004-07-19','Surabaya','1974-11-30',NULL,NULL,'992431',2,1,2,2,74),(787,'1605021570813','WAHYU PRAVITASARI','2006-07-15','Kediri','1982-11-01',NULL,NULL,'187242',2,1,2,7,74),(788,'1605020270815','INUK INDRIATI','2010-01-01','Jombang','1986-07-10',NULL,NULL,'146418',2,2,2,2,74),(789,'1605025400828','WIWIK SUNARIYATI','1999-11-01','Makassar','1973-01-13',NULL,NULL,'467012',2,2,2,40,74),(790,'1605020270831','SUKARDI','2008-07-14','Surabaya','1975-04-13',NULL,NULL,'213379',1,1,2,2,74),(791,'1605028108024','QURROTUL AINI','2009-02-01','Sidoarjo','1981-10-21',NULL,NULL,'650337',2,1,2,48,74),(792,'1605022240848','AGUNG TRIWULANDONO','2007-07-01','Surabaya','1972-11-25',NULL,NULL,'435650',1,2,2,21,74),(793,'1605028100854','JOHNI RUBA LOROKTO BAKY','2012-01-02','Yogyakarta','1978-07-23',NULL,NULL,'747442',1,2,2,48,74),(794,'1605020200859','NURINDAH','1996-04-02','Gresik','1975-07-29',NULL,NULL,'533886',2,2,2,1,74),(795,'1605022208038','IFANUL SOLICKAH','2008-06-30','Gresik','1987-06-22',NULL,NULL,'676340',2,1,2,20,74),(796,'1605020270875','TOTOK PURWANTO','2006-07-16','Sidoarjo','1977-08-05',NULL,NULL,'897025',1,2,2,2,74),(797,'1605020270878','YOTO PRIBADI','2007-07-01','Mojokerto','1980-03-03',NULL,NULL,'399279',1,1,2,2,74),(798,'1605020278037','MARIA YOVITA KRANIS YUSANTI','2009-02-01','Surabaya','1982-03-10',NULL,NULL,'215861',2,1,2,2,74),(799,'1605020270894','KUMSIYATI','2004-07-19','Mojokerto','1967-03-18',NULL,NULL,'779276',2,1,2,2,74),(800,'1605021570895','MAFRUHUDDIN','2000-12-01','GRESIK','1964-12-25',NULL,NULL,'933629',1,1,2,7,74),(801,'1605020270897','MURNIANA','2009-02-01','Tarakan','1983-09-07',NULL,NULL,'930086',2,1,2,2,74),(802,'1605020270909','ERA ROSYIDAH','1995-11-01','Sampang','1958-06-17',NULL,NULL,'872065',2,1,2,2,74),(803,'1605021570916','SUJAYADI','2011-07-11','Mojokerto','1988-10-18',NULL,NULL,'200575',1,1,2,7,74),(804,'1605021570927','ENIK SUPRIYATIN','2006-04-01','Handil Baru','1983-09-16',NULL,NULL,'944839',2,1,2,7,74),(805,'1605021548036','GUSTI TUTI HANDAYANI','2008-07-01','Bojonegoro','1982-01-21',NULL,NULL,'879640',2,1,2,5,74),(806,'1605022170934','Ayat Tunggal','2009-02-01','Surabaya','1982-09-06',NULL,NULL,'986543',1,1,2,19,74),(807,'1605028100938','MAS\'UD','2011-01-01','Sumenep','1986-01-12',NULL,NULL,'582882',1,1,2,48,74),(808,'1605020270957','ELIS MOELYANI','2010-01-01','Tanah Grogot','1984-07-27',NULL,NULL,'832651',2,2,2,2,74),(809,'1605020270971','WIDYA NURHAYATI','2010-01-01','Gresik','1977-08-19',NULL,NULL,'459825',2,2,2,2,74),(810,'1605020270976','SITI JUWAIRIYAH','2009-02-01','Pamekasan','1987-09-21',NULL,NULL,'724671',2,1,2,2,74),(811,'1605021540987','Mohammad Nukhan','2009-06-01','Surabaya','1982-03-31',NULL,NULL,'184720',1,2,2,5,74),(812,'1605020270988','MAWASI','2009-07-14','MADIUN','1987-11-19',NULL,NULL,'713213',1,2,2,2,74),(813,'1605020270989','DARIA JAYA','2010-08-01','Surabaya','1984-01-17',NULL,NULL,'991181',2,2,2,2,74),(814,'1605020278025','SRI SARI NINGSIH','2007-07-01','Sidoarjo','1985-04-18',NULL,NULL,'116469',2,2,2,2,74),(815,'1605020270992','SITI MUARIFAH','2006-04-01','Bojonegoro','1977-10-04',NULL,NULL,'205641',2,1,2,2,74),(816,'1605021801001','SRI WULAN MURNI','2009-11-06','Probolinggo','1978-02-20',NULL,NULL,'583233',2,1,2,11,74),(817,'1605022041002','SUHARIYADI','2004-01-01','karape tana','1970-12-05',NULL,NULL,'116538',1,1,2,15,74),(818,'1605020271005','ARDIYANTI JULIASTUTIK','2006-04-01','Magetan','1981-01-15',NULL,NULL,'890513',2,2,2,2,74),(819,'1605021541009','BAMBANG SUGIONO','2009-02-01','Kediri','1987-09-23',NULL,NULL,'344907',1,2,2,5,74),(820,'1605022241018','SUSANTI','2010-01-01','Tarakan','1982-09-12',NULL,NULL,'417297',2,1,2,21,74),(821,'1605020271028','ETTIK SUGIYANTI','2006-04-01','Bandung','1971-08-07',NULL,NULL,'350217',2,1,2,2,74),(822,'1605020278029','MOH SAHIR','2006-07-01','Sidoarjo','1988-04-03',NULL,NULL,'999231',1,2,2,2,74),(823,'1605020271039','KUTMAWATI','2005-07-18','Surabaya','1976-04-27',NULL,NULL,'550199',2,1,2,2,74),(824,'1605022241043','TASIYEM','2011-01-01','Tarakan','1976-12-01',NULL,NULL,'322338',2,2,2,21,74),(825,'1605021801053','SUPAAT','2009-07-01','Samarinda','1985-02-17',NULL,NULL,'513874',1,2,2,11,74),(826,'1605020271057','SULTON MAIFUK ADI','2004-07-21','Gresik','1986-04-19',NULL,NULL,'886201',1,2,2,2,74),(827,'1605020271058','MARGARETHA NDAPAROKA','2011-01-01','Gresik','1984-12-04',NULL,NULL,'891529',2,2,2,2,74),(828,'1605021541059','IMAM SUCAHYO','2009-02-01','Tuban','1979-10-11',NULL,NULL,'952806',1,2,2,5,74),(829,'1705140270001','TITIEN PRASETYAWATI','2009-03-01','Lumajang','1984-10-25',NULL,NULL,'865911',2,1,2,2,86),(830,'1705238000001','SAMSUDIN','2010-07-12','Sleman','1988-05-12',NULL,NULL,'486859',1,1,2,47,95),(831,'1705602100001','SUMARDI','2007-10-12','Gresik','1984-10-24',NULL,NULL,'152591',1,2,2,17,102),(832,'1705630200002','JOKO CATUR AGUS SASI PURNOMO','2007-10-01','Sidoarjo','1988-07-24',NULL,NULL,'516941',1,2,2,1,105),(833,'1705271800002','LILIK YULIATIN','2009-07-14','Gresik','1984-03-27',NULL,NULL,'847409',2,2,2,11,99),(834,'1716601570001','VINA JOHAR KUSUMAWARDANI','2010-01-01','Ujung Pandang','1978-10-08',NULL,NULL,'271396',2,2,2,7,289),(835,'1705130200001','INDIATI RATNANINGSIH','2006-01-02','SEBULU','1971-11-17',NULL,NULL,'759605',2,2,2,1,85),(836,'1705186150002','HIDAYAT','2009-04-01','Tanjung Selor','1987-07-15',NULL,NULL,'315562',1,1,2,42,90),(837,'1705132200002','RADEN HALISATUN NAJIYAH','2010-01-01','KEDIRI','1982-10-17',NULL,NULL,'705187',2,2,2,20,85),(838,'1705601800002','SHOLIHAH','2008-07-01','Sidoarjo','1985-04-24',NULL,NULL,'129035',2,2,2,11,102),(839,'1705060200001','DWI WARIANI','2007-01-01','Mojokerto','1987-01-22',NULL,NULL,'149810',2,2,2,1,78),(840,'1705070270001','NUR QOMARI','2008-07-22','Surabaya','1983-10-26',NULL,NULL,'378217',1,2,2,2,79),(841,'1705672200001','SRI RAHAYU RETNANINGSIH','2006-04-01','Data Dian','1978-11-18',NULL,NULL,'851628',2,1,2,20,109),(842,'1716102200002','JOHANES EKO PRATOMO','2006-07-15','Sidoarjo','1983-09-07',NULL,NULL,'931623',1,1,2,20,286),(843,'1705272200004','RENTY ROVIANA','2006-03-24','Banyumas','1982-11-28',NULL,NULL,'697023',2,1,2,20,99),(844,'1705098000003','ZULFIAH','2006-12-14','Malang','1975-01-11',NULL,NULL,'137392',2,1,2,47,81),(845,'1716610200003','SAHILAH','2010-07-10','Banyuwangi','1988-01-12',NULL,NULL,'724807',2,1,2,1,290),(846,'1705017460001','SUSIANA TJATURWATI','2009-01-01','Nganjuk','1984-06-05',NULL,NULL,'395020',2,2,2,46,73),(847,'1705020270001','QOMARIYAH','2006-07-01','Kediri','1982-04-07',NULL,NULL,'769639',2,2,2,2,74),(848,'1705071570002','TRI INDAH SETYOWENI','2007-07-16','Malang','1971-12-07',NULL,NULL,'799658',2,2,2,7,79),(849,'1705020200002','ENI MUFIDAH','2007-12-01','Ciamis','1967-06-23',NULL,NULL,'637343',2,2,2,1,74),(850,'1705071560003','JUSI CHRISTINA','2008-07-23','Jombang','1981-06-02',NULL,NULL,'530471',2,1,2,6,79),(851,'1705600270005','SUNANDAR','2006-07-01','banyuwangi','1985-03-27',NULL,NULL,'894492',1,1,2,2,102),(852,'1724122140001','KHOEROD DAERONI','2009-03-01','Sebakung','1981-01-05',NULL,NULL,'378170',1,1,2,18,397),(853,'1716011800001','ABDUL ROKHMAN','2010-01-01','Mojokerto','1987-01-01',NULL,NULL,'221704',1,2,2,11,279),(854,'1705601560006','HARTI WITIASTUTI','2009-07-01','Taliomuara','1986-06-21',NULL,NULL,'593521',2,2,2,6,102),(855,'1705080200002','MUHAMAD JUMAIDI','2008-11-03','Bangkalan','1984-07-30',NULL,NULL,'955946',1,1,2,1,80),(856,'1705140270002','SRI WAHYUNI','2009-03-01','Bojonegoro','1985-01-10',NULL,NULL,'333134',2,2,2,2,86),(857,'1705292200002','SITI NURIDAH','2011-01-01','Samarinda','1986-05-21',NULL,NULL,'491427',2,2,2,20,101),(858,'1705030200003','TITIK BUDI RAHAYU','2007-01-31','Muara Jawa','1988-11-14',NULL,NULL,'135722',2,2,2,1,75),(859,'1705270270006','ZAKARIA','2014-06-01','Nganjuk','1987-02-07',NULL,NULL,'915331',1,1,2,2,99),(860,'1705031560004','LALU MASNUN HAMBALI','2008-07-01','Sukabumi','1984-06-08',NULL,NULL,'794868',1,2,2,6,75),(861,'1705291540003','SRI RAHAYU','1980-09-30','Kediri','1958-06-15',NULL,NULL,'786225',2,1,1,5,101),(862,'1705140200003','LILIS KUSYULIATI','2008-07-14','Nganjuk','1967-05-17',NULL,NULL,'903807',2,1,2,1,86),(863,'1705270200007','FIDELIS GELE','2009-10-17','Jombang','1982-03-07',NULL,NULL,'975010',1,1,2,1,99),(864,'1705222240004','ABDUL KHAMID','2009-07-01','Sidoarjo','1983-01-07',NULL,NULL,'776467',1,2,2,21,94),(865,'1705130200004','FAJRI','2006-07-17','Bojonegoro','1984-09-02',NULL,NULL,'647591',1,1,2,1,85),(866,'1734011800002','ROBIH','2014-03-01','Ponorogo','1990-11-01',NULL,NULL,'825471',1,2,2,11,501),(867,'1716020200001','JERMIAS YOHSUA TAKDARE','2008-03-01','Balikpapan','1985-01-21',NULL,NULL,'638319',1,2,2,1,280),(868,'1705020200005','SUHARTINI','2007-07-17','SURABAYA','1967-02-26',NULL,NULL,'185306',2,1,2,1,74),(869,'1705012100003','MUCHAMAD DJOKO WALUYO','2010-01-01','Samarinda','1985-01-06',NULL,NULL,'954602',1,1,2,17,73),(870,'1705020200007','YUSSY MUZDALIFAH','2009-07-01','Banyuwangi','1987-07-04',NULL,NULL,'165089',2,2,2,1,74),(871,'1705022200008','ISNAINI','2011-01-01','Sidoarjo','1988-06-23',NULL,NULL,'139781',2,2,2,20,74),(872,'1716020200002','NUR FARIDAH','2006-01-02','Sidoarjo','1985-05-23',NULL,NULL,'530667',2,2,2,1,280),(873,'1705178000002','SRI HERUNI','2008-05-15','Banyuwangi','1966-10-15',NULL,NULL,'779739',2,2,2,47,89),(874,'1705050200004','TEGUH TJAHJONO','2007-07-01','Nganjuk','1988-01-05',NULL,NULL,'121526',1,2,2,1,77),(875,'1716010200002','YULI SUJI ASTUTIK','2006-04-01','Kebumen','1974-07-29',NULL,NULL,'483167',2,2,2,1,279),(876,'1734601840002','NUR SUBKAN','2009-02-01','LAMONGAN','1982-11-18',NULL,NULL,'602086',1,2,2,12,503),(877,'1705028100011','SUMIYATI','2009-02-01','Sidoarjo','1987-02-19',NULL,NULL,'292140',2,2,2,48,74),(878,'1705070200007','RINI RIANDANI','2008-05-01','Surabaya','1980-11-16',NULL,NULL,'717499',2,1,2,1,79),(879,'1734600200003','UMI NURJANAH','2010-01-01','Sumenep','1986-11-08',NULL,NULL,'495678',2,1,2,1,503),(880,'1716028100004','AMIR SUBAGYO','2006-04-01','Sumenep','1981-12-29',NULL,NULL,'864939',1,1,2,48,280),(881,'1716018100003','MARIA MARGARETA DARINI','2006-04-01','Kediri','1981-02-03',NULL,NULL,'141107',2,2,2,48,279),(882,'1705080200007','BAMBANG PUSRIONO','2009-07-17','Bangkalan','1989-09-16',NULL,NULL,'224138',1,2,2,1,80),(883,'1716110270003','TUTIK RAHAYU','2008-03-02','Lamongan','1988-09-11',NULL,NULL,'444690',2,1,2,2,287),(884,'1705270270009','SEDYAWATI','2009-02-01','Ujung Pandang','1979-03-02',NULL,NULL,'327785',2,2,2,2,99),(885,'1705140270004','DENOK AMALIYA','2009-02-01','Bondowoso','1979-06-20',NULL,NULL,'654181',1,1,2,2,86),(886,'1705040200012','NANIK NURKHASANAH','2010-01-01','Banjarnegara','1983-12-26',NULL,NULL,'177481',2,2,2,1,76),(887,'1705600270012','SUNAR','2006-01-01','Kediri','1981-09-07',NULL,NULL,'596030',1,1,2,2,102),(888,'1705600270013','MARIA MARI YANTI','2008-07-01','Magetan','1977-08-08',NULL,NULL,'593396',2,1,2,2,102),(889,'1716020270005','ARI JUSIANTO','2007-02-02','Sidoarjo','1984-08-09',NULL,NULL,'141815',1,2,2,2,280),(890,'1705031560007','MIMIN YUSFINI','2011-01-01','Gresik','1986-04-18',NULL,NULL,'846285',2,1,2,6,75),(891,'1705291800004','ROSIDAH','2013-10-01','Surabaya','1973-10-01',NULL,NULL,'616189',2,1,2,11,101),(892,'1705290200005','WAHYU UTAMI DEWI','2014-03-01','Sleman','1988-07-22',NULL,NULL,'324107',2,2,2,1,101),(893,'1716111570004','SITI MUSALLAMAH','2007-07-01','Sidoarjo','1963-05-04',NULL,NULL,'270489',2,1,2,7,287),(894,'1716016150004','LISTYOWATI','2006-04-01','Jeneponto','1979-05-26',NULL,NULL,'196491',2,1,2,42,279),(895,'1705048100015','SUWARTI','2008-07-01','Banyuwangi','1989-09-24',NULL,NULL,'463919',2,1,2,48,76),(896,'1716011800005','MOCH. LUTFI RACHMAN','2009-03-01','Nganjuk','1983-11-18',NULL,NULL,'858972',1,1,2,11,279),(897,'1705040200017','ELISABETH SEO','2009-07-21','Sampang','1989-08-10',NULL,NULL,'221121',2,1,2,1,76),(898,'1723614060003','SUMARNI','2010-01-01','Jember','1977-01-10',NULL,NULL,'394997',2,1,2,24,386),(899,'1705020270014','BUDI ENDARWATI','2009-03-01','Rembang','1980-12-30',NULL,NULL,'325730',2,2,2,2,74),(900,'1705022200015','SITI SAIDAH','2009-02-01','Banyuwangi','1979-02-27',NULL,NULL,'335327',2,2,2,20,74),(901,'1705262100001','JULI ANDRIJANI','2011-07-01','Sidoarjo','1985-01-25',NULL,NULL,'343704',2,2,2,17,98),(902,'1716608100004','DESY CHRISTYANA','2011-05-01','Mengwi','1986-12-29',NULL,NULL,'960740',2,1,2,48,289),(903,'1705631840005','SUPARTI','2010-01-01','Kediri','1982-01-10',NULL,NULL,'699864',2,1,2,12,105),(904,'1705070200011','IMAM WAHYUDI','2008-06-02','Jombang','1979-03-23',NULL,NULL,'422024',1,2,2,1,79),(905,'1716601560006','HARIJANTO','2009-03-01','Kediri','1976-02-28',NULL,NULL,'524712',1,1,2,6,289),(906,'1716630270002','MUNDYA HERNANIK','2008-01-28','Blitar','1987-01-02',NULL,NULL,'411740',2,2,2,2,292),(907,'1716102200005','ENI WIDJIASTUTI','2008-01-02','Saliki, Kukar','1984-03-24',NULL,NULL,'282925',2,1,2,20,286),(908,'1705070200012','LAANJA','2010-01-01','Bandung','1980-05-11',NULL,NULL,'410085',1,2,2,1,79),(909,'1705010200005','SITI AISAH','2008-01-01','Bangkalan','1986-07-17',NULL,NULL,'513502',2,2,2,1,73),(910,'1705202200004','MUFIDAH','2009-03-01','Batuah','1986-03-18',NULL,NULL,'540571',2,2,2,20,92),(911,'1705040200019','MUCH. NUR','2009-07-01','Surabaya','1978-08-21',NULL,NULL,'117931',1,2,2,1,76),(912,'1705020200016','UMI ZAHROH','2006-07-17','Sidoarjo','1986-09-12',NULL,NULL,'672009',2,2,2,1,74),(913,'1703016150011','NINIK HUDAHAWANTI','2006-09-01','Jombang','1984-11-29',NULL,NULL,'960006',2,1,2,42,33),(914,'1705020270017','RAHAYU PURWANINGTYAS','2010-05-03','Gresik','1987-06-25',NULL,NULL,'277707',2,1,2,2,74),(915,'1705030270009','SUCIATI','2010-01-01','Bojonegoro','1985-11-22',NULL,NULL,'539613',2,1,2,2,75),(916,'1705132200011','ANDREAS TJATUR WITJAKSANA','2009-01-01','Pati','1983-06-25',NULL,NULL,'995931',1,2,2,20,85),(917,'1705030200011','BUDI HARIYANTO','2007-03-01','Pamekasan','1984-09-11',NULL,NULL,'979937',1,1,2,1,75),(918,'1705021900018','R. MOH. EDI FAIZ','2011-07-01','Sampang','1988-10-17',NULL,NULL,'567077',1,2,2,14,74),(919,'1705135250012','ELFIANA SRIWULANDHARI','2007-07-14','Lamongan','1982-07-23',NULL,NULL,'715255',2,2,2,36,85),(920,'1716010200007','YANUAR ALI MAWARDI','2009-03-01','Lumajang','1981-04-11',NULL,NULL,'657953',1,2,2,1,279),(921,'1705290200006','NIKEN EKO SULISTIYONINGSIH','2008-03-01','LEMO','1982-11-13',NULL,NULL,'200933',2,2,2,1,101),(922,'1716601560009','TOTO BINA PUTRA','2010-01-01','Surabaya','1986-01-26',NULL,NULL,'982770',1,1,2,6,289),(923,'1716101560006','MIFTAKHUL JANAH','2011-01-01','Nganjuk','1983-06-26',NULL,NULL,'475424',2,2,2,6,286),(924,'1705282200003','UMMU SAADAH','2010-01-01','LAMONGAN','1988-04-17',NULL,NULL,'890767',2,1,2,20,100),(925,'1705232200017','MU\'AFAROH','2010-01-01','Samarinda','1984-04-29',NULL,NULL,'742809',2,2,2,20,95),(926,'1705010200007','SITTI DJOEWARIJAH','2006-07-17','Pangkep','1985-01-19',NULL,NULL,'782335',2,2,2,1,73),(927,'1705132240015','NI KETUT TAMI','2010-01-01','Blitar','1971-08-05',NULL,NULL,'760091',2,2,2,21,85),(928,'1705050970009','SLAMET SISWO WIBOWO','2009-03-01','Banyumas','1987-05-01',NULL,NULL,'890590',1,1,2,3,77),(929,'1705030200012','EKO WAHYOE WIDJAJANTO','2008-04-28','Ponorogo','1985-08-21',NULL,NULL,'684483',1,1,2,1,75),(930,'1705608100017','DJOKO KRISTYANTO','2006-07-17','Gresik','1983-03-28',NULL,NULL,'165705',1,1,2,48,102),(931,'1705282240004','NENENG AFIAH','2011-01-01','Tuban','1987-06-28',NULL,NULL,'260279',2,1,2,21,100),(932,'1705010200008','ABI NAHAR','2007-07-17','Lamongan','1979-04-04',NULL,NULL,'169546',1,1,2,1,73),(933,'1705260270002','RONYATI HUSIN','2011-07-18','Gresik','1983-05-03',NULL,NULL,'778444',2,1,2,2,98),(934,'1705060200004','ENITA SUPRIJANTI','2007-07-16','Sidoarjo','1976-08-17',NULL,NULL,'422881',2,2,2,1,78),(935,'1734601800005','ERNA PUJI ASTUTI','2006-04-01','Samarinda','1982-06-17',NULL,NULL,'223676',2,1,2,11,503),(936,'1705601800018','MARDINA SULISTIOWATI','2008-07-01','Gresik','1986-05-14',NULL,NULL,'629872',2,1,2,11,102),(937,'1705140200009','NUR HIDAYAH','2007-08-25','Surabaya','1978-07-03',NULL,NULL,'371209',2,1,2,1,86),(938,'1734012100006','ZAINAL ABIDIN','2006-04-01','MALANG','1976-07-11',NULL,NULL,'994964',1,1,2,17,501),(939,'1705600270019','MUSLIKIN','2006-07-01','Surabaya','1980-07-26',NULL,NULL,'121712',1,1,2,2,102),(940,'1705072040018','FUTUCHAH','2009-02-01','Bangkalan','1979-07-23',NULL,NULL,'712548',2,1,2,15,79),(941,'1705140270011','ARIEF SJAIFUDIN','2009-03-01','Lamongan','1976-06-05',NULL,NULL,'600128',1,2,2,2,86),(942,'1705021570021','INDAH KURNIATI','2009-07-23','Banyuwangi','1983-12-23',NULL,NULL,'985629',2,1,2,7,74),(943,'1703046150009','MAS\'ULA','2009-07-01','Lamongan','1974-09-26',NULL,NULL,'381449',2,1,2,42,36),(944,'1705070270019','BUJAMAN','2008-07-01','Kediri','1989-10-23',NULL,NULL,'520498',1,1,2,2,79),(945,'1722066150012','KUN WIDAYAT','2008-07-14','Lamongan','1982-05-29',NULL,NULL,'362807',1,2,2,42,373),(946,'1705658000012','DJASTURI','2010-01-01','Lamongan','1979-05-20',NULL,NULL,'965452',1,1,2,47,107),(947,'1724601700005','WAHYU FAJAR NAFI\'AH','2010-07-01','SURABAYA','1986-05-30',NULL,NULL,'370900',2,1,2,9,408),(948,'1705600270021','FARIJA FINOSJA FINAHARI','2007-07-01','Blitar','1982-08-22',NULL,NULL,'868013',2,2,2,2,102),(949,'1705132200019','NURUL QOMARIYAH','2010-01-01','Sidoarjo','1985-11-06',NULL,NULL,'679529',2,1,2,20,85),(950,'1705020200022','SYLVIA AGUSTINI','2006-07-17','Sidoarjo','1985-03-16',NULL,NULL,'182140',2,1,2,1,74),(951,'1705040200024','DINA AMBARWATI','2006-12-01','Gresik','1982-08-03',NULL,NULL,'247296',2,1,2,1,76),(952,'1705601560024','BEKTI PERTIWI','2006-07-01','Gresik','1982-05-05',NULL,NULL,'391305',2,1,2,6,102),(953,'1705020270024','SUDIARSO SLAMET','2009-02-01','Sukoharjo','1974-12-12',NULL,NULL,'243191',1,2,2,2,74),(954,'1734608100011','KRISTINA DERAN DULI','2011-01-01','Jember','1981-07-07',NULL,NULL,'188286',2,1,2,48,503),(955,'1705020200026','LINDA PATRICIA TANUS','2008-07-14','Surabaya','1982-06-19',NULL,NULL,'429077',2,2,2,1,74),(956,'1705600270025','KASIANA','2006-07-01','Bojonegoro','1976-07-23',NULL,NULL,'146483',2,1,2,2,102),(957,'1705140270012','IDA AMBARINI','2009-04-01','Samadua','1978-08-04',NULL,NULL,'408763',2,2,2,2,86),(958,'1705130200025','TRI FATCHU YUSRINAWATI','2007-07-17','LAMONGAN','1986-08-09',NULL,NULL,'672309',2,1,2,1,85),(959,'1705148100013','HANIFAH','1978-01-01','TEGAL','1954-05-08',NULL,NULL,'467850',2,1,1,48,86),(960,'1705070200024','MUATIN','2008-03-01','Nipah-nipah','1988-09-20',NULL,NULL,'224384',2,2,2,1,79),(961,'1705020200029','SUTRISNO','2006-07-17','Gresik','1980-04-02',NULL,NULL,'923226',1,1,2,1,74),(962,'1705270270014','BULKIAH','2014-07-01','Jember','1976-10-08',NULL,NULL,'336539',1,2,2,2,99),(963,'1705260270004','EDY SISWANTO','2006-01-24','Tulungagung','1980-07-20',NULL,NULL,'771484',1,1,2,2,98),(964,'1705021800031','BAIQ HERLINA','2011-07-01','Lumajang','1988-03-13',NULL,NULL,'138133',2,2,2,11,74),(965,'1705070200026','RUSBANDI','2006-01-02','Balikpapan','1978-08-28',NULL,NULL,'508335',1,1,2,1,79),(966,'1716601570013','SRI WIDYAWATI','2009-07-01','Surabaya','1985-11-05',NULL,NULL,'281548',2,1,2,7,289),(967,'1705010270013','M. NURON','2008-12-01','Sidoarjo','1990-11-16',NULL,NULL,'502950',1,1,2,2,73),(968,'1705600270028','NOERI HASNAWATI','2009-02-01','SAMPANG','1984-01-21',NULL,NULL,'115896',2,1,2,2,102),(969,'1716101570008','WIWIK ANDAYANI','2006-01-02','Pamekasan','1984-02-13',NULL,NULL,'975629',2,1,2,7,286),(970,'1705020270034','ERMA SURYANINGSIH','2010-01-01','Bojonegoro','1986-03-01',NULL,NULL,'692077',2,1,2,2,74),(971,'1705020970035','SRI MUHLISAH','2014-02-01','Mojokerto','1990-01-17',NULL,NULL,'196112',2,2,2,3,74),(972,'1705602170029','SUNARIADI HADI SANTOSO','2007-07-16','Gresik','1982-01-13',NULL,NULL,'439047',1,1,2,19,102),(973,'1705256150012','YUNI HARIYATI','2009-10-19','Lamongan','1991-10-23',NULL,NULL,'460148',2,1,2,42,97),(974,'1705071560028','JUM\'ATUL ILMIYAH','2009-07-13','Sidoarjo','1982-06-03',NULL,NULL,'233646',2,2,2,6,79),(975,'1705602040032','YUTTI INDAH SUSWATI','2007-07-18','Gresik','1982-07-27',NULL,NULL,'311577',2,2,2,15,102),(976,'1716108100009','ENDAH SETYAWATI','2007-07-25','Gresik','1982-03-29',NULL,NULL,'571035',2,2,2,48,286),(977,'1705271560016','SALMON SALKO','2014-07-17','Sukabumi','1982-08-13',NULL,NULL,'444447',1,1,2,6,99),(978,'1716618100011','PETERUS DUNAS','2009-03-01','Sleman','1979-07-03',NULL,NULL,'190543',1,1,2,48,290),(979,'1705148000016','DIANATUN NAFIAH','2008-07-14','Mojokerto','1990-03-30',NULL,NULL,'150066',2,1,2,47,86),(980,'1705281570006','LIZMITRUL BARARA','2006-04-01','Sidoarjo','1983-07-31',NULL,NULL,'362304',2,1,2,7,100),(981,'1722041700014','CHOIRUN NISA','2011-07-11','Pamekasan','1988-01-13',NULL,NULL,'667027',2,2,2,9,371),(982,'1705021870036','NUR AINY','2009-02-01','Sidoarjo','1980-08-09',NULL,NULL,'787624',2,1,2,13,74),(983,'1705630200009','FARIKHATUN MUJADAH','2011-06-25','Gresik','1985-02-13',NULL,NULL,'713740',2,1,2,1,105),(984,'1734011570009','CELESTINUS NABUS','2009-02-01','Sidoarjo','1981-06-20',NULL,NULL,'717158',1,2,2,7,501),(985,'1705232200021','NUNUK WINARTI','2006-04-01','Trenggalek','1980-08-01',NULL,NULL,'881250',2,2,2,20,95),(986,'1705270270017','FRANSISCA H.C. NULIK','2015-03-01','BANGKALAN','1977-08-08',NULL,NULL,'912836',2,2,2,2,99),(987,'1705648100003','LUSIA ROSARIATI','2007-07-01','SIDOARJO','1981-06-26',NULL,NULL,'175375',2,2,2,48,106),(988,'1705280270008','MARIA JOHANNA SASABONE','2009-01-01','Semarang','1985-08-05',NULL,NULL,'786657',2,2,2,2,100),(989,'1705290270008','AGUS IMAM SUBEKHI','2009-07-13','Malang','1988-06-06',NULL,NULL,'637824',1,2,2,2,101),(990,'1716610270013','WIEDIA CARULLINA PURWANTI','2014-03-01','Sampang','1985-08-03',NULL,NULL,'154119',2,1,2,2,290),(991,'1705020200038','SITI MAIMUNAH','2006-07-01','Mojokerto','1984-10-12',NULL,NULL,'195148',2,1,2,1,74),(992,'1705040200027','MARZUKI','2009-12-01','Jepara','1983-05-26',NULL,NULL,'213836',1,2,2,1,76),(993,'1705021570039','ELY EZER SANTOSO NUGROHO','2008-03-10','JOMBANG','1968-08-30',NULL,NULL,'527776',1,2,2,7,74),(994,'1716100270011','SITI MAISYAROH','2009-03-01','Balikpapan','1987-10-26',NULL,NULL,'735191',2,2,2,2,286),(995,'1723616980008','LUBNATUL MARDHIYAH','2009-01-01','Jombang','1985-10-15',NULL,NULL,'416671',2,2,2,45,386),(996,'1705140200017','EKA WINARTHI','2012-07-14','MOJOKERTO','1988-09-14',NULL,NULL,'463748',2,2,2,1,86),(997,'1705011800016','CIK HANDAYANI','2006-04-01','Gresik','1983-10-13',NULL,NULL,'906744',2,1,2,11,73),(998,'1705040200032','TRI WAHYUNI','2008-07-01','Sidoarjo','1986-07-05',NULL,NULL,'563509',2,2,2,1,76),(999,'1705060270011','SITI RAHMAH','2014-02-01','Balikpapan','1988-03-04',NULL,NULL,'755869',2,1,2,2,78),(1000,'1716600270014','ENDANG SETYAWATI','2008-03-01','Surabaya','1973-08-03',NULL,NULL,'261345',2,2,2,2,289),(1001,'1705030200019','ST. UMUL QURO','2008-07-14','Mojokerto','1976-08-26',NULL,NULL,'966697',2,1,2,1,75),(1002,'1705601800035','ABDUL KARIM','2009-07-01','Nganjuk','1976-09-25',NULL,NULL,'288415',1,1,2,11,102),(1003,'1705140200019','RESNA SUKANDIARINI','2009-07-13','Sampang','1991-07-07',NULL,NULL,'492901',2,1,2,1,86),(1004,'1705280270009','SRIAMI','2009-01-01','Mojokerto','1984-11-04',NULL,NULL,'970240',2,2,2,2,100),(1005,'1705021570041','EDI SRI SUPRIATI','2008-07-14','Blahpane Kaja','1984-11-22',NULL,NULL,'712886',2,1,2,7,74),(1006,'1705071540035','SULAIMAN MARDIYANTO','2007-07-18','Bangkalan','1987-11-28',NULL,NULL,'279031',1,1,2,5,79),(1007,'1705630200012','ERNIDA ISTIARINI','2010-01-01','Temanggung','1988-02-12',NULL,NULL,'878281',2,2,2,1,105),(1008,'1705601900036','INDAH TRININGTYAS','2013-01-01','Bangkalan','1990-11-07',NULL,NULL,'501335',2,1,2,14,102),(1009,'1705040200034','RINI TJATUR KAEKSI','2007-01-02','MOJOKERTO','1970-01-04',NULL,NULL,'330546',2,1,2,1,76),(1010,'1705638100013','HURRIYYA FUAD','2006-07-01','Seoam','1980-11-04',NULL,NULL,'277997',2,1,2,48,105),(1011,'1705215330008','GATOT PRIYAMBODO','2009-03-01','Samarinda','1983-01-03',NULL,NULL,'263779',1,1,2,38,93),(1012,'1703056150018','ENDANG RETNOWATI','2008-07-14','Yogyakarta','1965-09-20',NULL,NULL,'227190',2,2,2,42,37),(1013,'1705130200031','DWI PORWANI','2006-12-11','Gresik','1978-10-10',NULL,NULL,'288038',2,2,2,1,85),(1014,'1705070270036','Diah Ikawati Ningsih','2010-01-01','Surakarta','1986-10-07',NULL,NULL,'929305',2,2,2,2,79),(1015,'1705021570043','HAMIDAH','2007-07-01','Sidoarjo','1980-08-27',NULL,NULL,'704398',2,2,2,7,74),(1016,'1705020200045','HARIJONO','2006-07-16','Magelang','1978-12-19',NULL,NULL,'867103',1,2,2,1,74),(1017,'1705041840036','KHOIRIYAH','2009-10-10','Surabaya','1987-07-05',NULL,NULL,'954838',2,2,2,12,76),(1018,'1705021840046','SIAMI DIANA WULANDARI','2008-07-01','Bojonegoro','1978-11-07',NULL,NULL,'605919',2,1,2,12,74),(1019,'1705248000018','SUGIARTI','2006-07-01','Sidoarjo','1983-04-26',NULL,NULL,'884625',2,2,2,47,96),(1020,'1716601570016','ULIKAH','2010-01-01','Purworejo','1982-07-15',NULL,NULL,'372478',2,1,2,7,289),(1021,'1705030200022','EKO AGUS RIANTO','2007-09-01','Sidoarjo','1988-07-30',NULL,NULL,'924799',1,1,2,1,75),(1022,'1716601840017','LILIK UMAMI','2009-03-01','Klaten','1984-11-11',NULL,NULL,'316234',2,1,2,12,289),(1023,'1734021560001','NUR AYNI SRI ADINI','2010-04-01','Sumenep','1986-09-15',NULL,NULL,'718663',2,2,2,6,502),(1024,'1705140200021','SUPARNI','2007-07-01','Jombang','1988-09-26',NULL,NULL,'698187',1,1,2,1,86),(1025,'1716031570006','ISWAHJUDI','2007-09-04','Surabaya','1982-10-08',NULL,NULL,'395333',1,1,2,7,281),(1026,'1705011570019','HURUN IN','2012-07-01','SUMENEP','1985-10-10',NULL,NULL,'273352',2,2,2,7,73),(1027,'1705600200041','KASIJONO','2007-07-01','Bojonegoro','1985-10-08',NULL,NULL,'517942',1,2,2,1,102),(1028,'1705600270042','HERMIANTO','2006-07-08','Teluk Pelita','1986-07-17',NULL,NULL,'859989',1,1,2,2,102),(1029,'1703106150034','AHMAD FUADIL FAHMI','2009-04-07','Sidoarjo','1982-02-05',NULL,NULL,'352520',1,2,2,42,42),(1030,'1705142240022','IKA NURRAHMI','2010-01-01','MOJOKERTO','1986-07-23',NULL,NULL,'681227',2,2,2,21,86),(1031,'1705070200038','SUMIATI','2007-07-01','Bojonegoro','1978-08-30',NULL,NULL,'643780',2,2,2,1,79),(1032,'1716031560007','NI LUH YOHANA ADRIANI','2013-07-15','Malang','1983-12-20',NULL,NULL,'597266',2,1,2,6,281),(1033,'1705260270005','WAKHID BASHORI','2011-01-01','Gresik','1987-04-06',NULL,NULL,'621875',1,2,2,2,98),(1034,'1705141540023','RR SRI SETIORINI DHASTO RAHAYU','2008-07-14','Pamekasan','1988-10-01',NULL,NULL,'555636',2,1,2,5,86),(1035,'1705075260041','ENY MARIYANI','2010-01-01','Blitar','1982-07-28',NULL,NULL,'506099',2,1,2,37,79),(1036,'1716610270015','CHALIMAH TOHA','2008-11-01','Balikpapan','1989-07-21',NULL,NULL,'993743',2,1,2,2,290),(1037,'1734011570011','MARIA MAGDALENA NONA','2011-01-01','Kediri','1987-07-29',NULL,NULL,'548090',2,2,2,7,501),(1038,'1716021540009','MARATUS SOLIKHAH','2006-04-01','Samarinda','1982-08-13',NULL,NULL,'757569',2,2,2,5,280),(1039,'1705030200024','SRI ENDANG HIDAJATI','2009-01-15','Sidoarjo','1979-01-31',NULL,NULL,'823480',2,1,2,1,75),(1040,'1705070200043','MOCH RIFAI','2008-07-14','Bojonegoro','1982-10-31',NULL,NULL,'451990',1,2,2,1,79),(1041,'1705040200038','DJUANIK','2008-09-01','Gresik','1985-12-17',NULL,NULL,'310825',2,1,2,1,76),(1042,'1716118100008','SURATI','2009-04-14','Sidoarjo','1981-11-24',NULL,NULL,'400867',2,1,2,48,287),(1043,'1705021570048','LUCKY','2009-07-16','Jombang','1990-10-07',NULL,NULL,'869508',1,1,2,7,74),(1044,'1705070200044','TRISIANA HARTINI','2009-03-01','Malang','1985-01-19',NULL,NULL,'244776',2,1,2,1,79),(1045,'1705101700012','ANDINI ESTUNINGTYAS','2009-01-01','Surabaya','1982-11-20',NULL,NULL,'497916',2,1,2,9,82),(1046,'1705630200016','NURUN NASIATUL LAILI','2007-08-01','Nganjuk','1989-01-17',NULL,NULL,'681256',2,1,2,1,105),(1047,'1716610200017','BUDIYANTI','2008-07-01','Sidoarjo','1980-12-15',NULL,NULL,'528868',2,2,2,1,290),(1048,'1705080200024','LENY RIANTI','2006-02-01','Sidoarjo','1984-08-24',NULL,NULL,'945427',2,1,2,1,80),(1049,'1705020270051','ABDULLAH MA\'RUF','2010-01-01','Surabaya','1984-08-26',NULL,NULL,'369925',1,2,2,2,74),(1050,'1705020200052','ACEP HERDIANA','2008-06-15','Bojonegoro','1984-10-24',NULL,NULL,'864292',1,2,2,1,74),(1051,'1716101570014','TITIK NURYANI','2006-04-01','Bandung','1972-09-08',NULL,NULL,'891112',2,1,2,7,286),(1052,'1705600270046','ENDANG MURYATI','2008-07-14','Gresik','1987-05-05',NULL,NULL,'903657',2,2,2,2,102),(1053,'1705226150024','NURSUTAN ISKANDAR','2009-02-01','Sidoarjo','1987-10-09',NULL,NULL,'932505',1,1,2,42,94),(1054,'1705600270047','SAYIDAH','2009-07-01','Bangkalan','1975-04-03',NULL,NULL,'767771',2,1,2,2,102),(1055,'1705156150016','SRI WINDARTI','2007-07-01','Bangkalan','1982-10-22',NULL,NULL,'581143',2,2,2,42,87),(1056,'1705027460054','MAGHFIROTUR RIZKIYAH','2011-01-01','Karangasem','1987-08-03',NULL,NULL,'133235',2,2,2,46,74),(1057,'1705031570026','NANIK MUSTARIYANI','2009-01-01','Sidoarjo','1987-11-13',NULL,NULL,'733671',2,2,2,7,75),(1058,'1705021840055','ABDULLAH','2007-07-01','Jombang','1983-01-01',NULL,NULL,'953515',1,2,2,12,74),(1059,'1705142200024','MUALIFAH','2011-01-01','Malaysia','1983-08-12',NULL,NULL,'962159',2,1,2,20,86),(1060,'1705242200025','RIRIN HIKMAWATI','2009-07-01','Kediri','1984-07-22',NULL,NULL,'315748',2,2,2,20,96),(1061,'1705600270048','KARISEM','2011-01-01','Lamongan','1986-09-10',NULL,NULL,'121055',2,1,2,2,102),(1062,'1705221870025','HIDAYATUL ILMIA','2009-02-02','Surabaya','1985-10-14',NULL,NULL,'538444',2,1,2,13,94),(1063,'1716610270019','ELMY TRI WAHYUNI','2009-03-01','Nganjuk','1982-02-04',NULL,NULL,'983215',2,1,2,2,290),(1064,'1705252200026','NOVY SAODAH','2009-07-02','Nganjuk','1987-04-01',NULL,NULL,'288412',2,2,2,20,97),(1065,'1716020200012','NURUL HUDA','2009-03-01','Jakarta','1978-12-15',NULL,NULL,'247752',2,2,2,1,280),(1066,'1705027460056','ERNA KHAIRANI','2011-01-01','Magetan','1983-09-22',NULL,NULL,'375108',2,2,2,46,74),(1067,'1705290270012','MEINI WINDARTI','2008-01-02','Bangkalan','1984-06-01',NULL,NULL,'805112',2,1,2,2,101),(1068,'1705290270013','NINIEK SURYANINGSIH','2007-07-17','Nganjuk','1981-08-20',NULL,NULL,'778901',2,1,2,2,101),(1069,'1705658000023','MIFTAHORRAHMAN','2010-01-01','Jombang','1982-09-03',NULL,NULL,'573843',1,2,2,47,107),(1070,'1705618000036','JUMALI','2006-04-01','Sidoarjo','1979-10-18',NULL,NULL,'920064',1,1,2,47,103),(1071,'1705140200026','ANITA NUR FADILAH','2007-11-07','Jombang','1987-09-22',NULL,NULL,'885469',2,2,2,1,86),(1072,'1705051560027','SUNARSIH','2014-02-01','Gresik','1987-11-17',NULL,NULL,'150416',2,2,2,6,77),(1073,'1705080200026','TUTIK SRIANI','2006-02-06','Gresik','1980-03-22',NULL,NULL,'265955',2,1,2,1,80),(1074,'1734602200016','ROHMI IHDINA MAINAWA','2010-01-01','Jombang','1978-07-09',NULL,NULL,'187901',2,2,2,20,503),(1075,'1734011560013','RIF\'ATUL KHOIROH','2009-05-05','Gresik','1981-05-04',NULL,NULL,'967422',2,2,2,6,501),(1076,'1705270270018','ISMAWATI','2015-04-01','GRESIK','1956-07-17',NULL,NULL,'882047',2,1,2,2,99),(1077,'1705021570058','AGATA FITRIANA','2010-07-01','Puyang Anti','1984-07-22',NULL,NULL,'711130',2,1,2,7,74),(1078,'1705140270027','SITI ASIYAH','2010-07-01','Ngawi','1984-11-02',NULL,NULL,'928806',2,2,2,2,86),(1079,'1705280270015','DASNI','2002-08-01','Gresik','1970-07-05',NULL,NULL,'939127',2,2,2,2,100),(1080,'1705601540051','TONAJI','2006-07-15','Gresik','1983-06-23',NULL,NULL,'641803',1,1,2,5,102),(1081,'1716610270021','WIWIK SETIAATI','2009-01-01','Sukoharjo','1974-12-12',NULL,NULL,'636088',2,1,2,2,290),(1082,'1705600970052','MAIKE DWI HANTIKA','2006-11-30','Gresik','1984-03-24',NULL,NULL,'513087',2,2,2,3,102),(1083,'1734602200017','ISTIQOMAH','2011-05-01','Mojokerto','1986-12-13',NULL,NULL,'794859',2,2,2,20,503),(1084,'1716610270022','MOCHAMAD NURUL ANSORY','2014-06-01','Pamekasan','1979-02-19',NULL,NULL,'438567',1,1,2,2,290),(1085,'1705050200031','HERLINA KRISTANTI','2006-07-09','Malang','1981-08-20',NULL,NULL,'418774',2,1,2,1,77),(1086,'1723078000006','LILA ZULFIANA','2012-07-17','Sidoarjo','1988-05-06',NULL,NULL,'894477',2,2,2,47,383),(1087,'1705276150021','DWI HARGIYANI','2009-02-02','Balikpapan','1990-07-05',NULL,NULL,'533738',2,1,2,42,99),(1088,'1705031840029','EKA DIYAH HARIYANI','2010-01-01','Bondowoso','1983-09-30',NULL,NULL,'988763',2,2,2,12,75),(1089,'1705140200028','mateus malo bili','2011-11-01','Kebumen','1980-05-16',NULL,NULL,'789955',1,2,2,1,86),(1090,'1705011570022','ENDANG SRI LESTARI','2007-08-01','Gresik','1984-03-25',NULL,NULL,'632140',2,1,2,7,73),(1091,'1705257460035','SITI RAHMAH','2011-01-01','Balikpapan','1987-10-09',NULL,NULL,'135365',2,1,2,46,97),(1092,'1705021570059','USWATUN KHASANAH','2006-07-20','Cilacap','1981-11-01',NULL,NULL,'494472',2,1,2,7,74),(1093,'1705020270061','SUROTO','2006-04-01','Kediri','1979-01-02',NULL,NULL,'325134',1,2,2,2,74),(1094,'1705020970062','UMIROH','2006-04-01','Sidan','1979-01-09',NULL,NULL,'498545',2,2,2,3,74),(1095,'1722048000026','AGUS EKO PRANOTO','2011-01-01','LOA KULU','1988-07-22',NULL,NULL,'221707',1,2,2,47,371),(1096,'1706074950007','USMAN','2009-05-01','Gresik','1985-06-04',NULL,NULL,'232405',1,1,2,28,117),(1097,'1703096150019','SITI MASRUROH','2009-01-02','Sidoarjo','1984-02-22',NULL,NULL,'845413',2,1,2,42,41),(1098,'1705291560014','DINA ROMADHONA','2012-06-01','Bangkalan','1989-08-30',NULL,NULL,'218863',2,2,2,6,101),(1099,'1705106150017','INSYAH RAHAYUNINGSIH','2008-07-07','Jombang','1981-04-03',NULL,NULL,'986961',2,2,2,42,82),(1100,'1705132200038','KRESNAWATI','2010-01-01','Bola','1976-10-04',NULL,NULL,'519308',2,2,2,20,85),(1101,'1705030200033','MUTHOMIMAH','2009-01-25','Sidoarjo','1985-09-19',NULL,NULL,'741007',2,1,2,1,75),(1102,'1705071560047','EVIYANTI','2007-07-20','Kediri','1988-06-06',NULL,NULL,'182273',2,2,2,6,79),(1103,'1716608100019','ISMAIL','2008-10-09','Sidoarjo','1981-08-12',NULL,NULL,'819193',1,2,2,48,289),(1104,'1705290270015','NORA RESYUTAMI','2007-08-01','Lamongan','1984-05-24',NULL,NULL,'540626',2,2,2,2,101),(1105,'1734021800005','NUR SYAMSI','2011-02-01','Samarinda','1988-10-15',NULL,NULL,'299704',1,2,2,11,502),(1106,'1716610270023','YULYA ASTUTHI','1979-07-01','MADIUN','1957-10-02',NULL,NULL,'388384',2,2,1,2,290),(1107,'1716018100015','MUSTOPO','2006-04-01','Surabaya','1979-01-18',NULL,NULL,'518779',1,2,2,48,279),(1108,'1705600270054','PURWATININGSIH','2007-07-16','Rembang','1984-06-07',NULL,NULL,'570615',2,2,2,2,102),(1109,'1705140200031','HERU INDARTO','2007-04-01','Kediri','1982-08-20',NULL,NULL,'660823',1,1,2,1,86),(1110,'1705600270055','ASMANIAH','2007-07-23','LAMONGAN','1988-01-04',NULL,NULL,'427086',2,2,2,2,102),(1111,'1705042100042','S A D I','2006-07-15','Sidoarjo','1984-04-24',NULL,NULL,'826339',1,1,2,17,76),(1112,'1705130200039','SUJANTO','2007-07-01','Pasuruan','1987-06-07',NULL,NULL,'368746',1,1,2,1,85),(1113,'1705600270057','EDI SUHARTO','2009-07-05','Lamongan','1986-12-25',NULL,NULL,'795896',1,2,2,2,102),(1114,'1705640200004','ZURAIDAH','2009-11-01','Kediri','1984-04-04',NULL,NULL,'173787',2,1,2,1,106),(1115,'1705028100065','LUTFIATUL HAYATI','2010-01-01','Lamongan','1985-10-14',NULL,NULL,'783683',2,1,2,48,74),(1116,'1705030200034','ENDANG WAHYUNINGSIH','2008-07-17','Gresik','1985-10-15',NULL,NULL,'397988',2,2,2,1,75),(1117,'1705021570067','SEPTI KOESTIANI','2007-07-01','Surabaya','1981-10-07',NULL,NULL,'565043',2,2,2,7,74),(1118,'1716020200016','NUR HASYATIK','2007-01-12','Jombang','1987-10-06',NULL,NULL,'339416',2,2,2,1,280),(1119,'1705290270016','ISTIQOMAH','2012-12-01','Bojonegoro','1988-07-11',NULL,NULL,'376235',2,1,2,2,101),(1120,'1705010270026','NOOR AINAH','2006-07-24','Jombang','1983-01-16',NULL,NULL,'989195',2,2,2,2,73),(1121,'1705042200045','BADIATUL KHIKMAH','2010-01-01','Tulungagung','1985-01-03',NULL,NULL,'432303',2,2,2,20,76),(1122,'1705020200068','SESANTI','2006-07-17','Sidoarjo','1981-10-30',NULL,NULL,'961696',2,1,2,1,74),(1123,'1705030270035','RUSMIATI','2010-01-01','Bojonegoro','1986-01-05',NULL,NULL,'269337',2,1,2,2,75),(1124,'1722021700007','SUHARTIK','2006-04-03','Gresik','1983-05-26',NULL,NULL,'854864',2,1,2,9,369),(1125,'1705060200018','RESTU MULATSIH','2009-11-01','Jember','1987-09-25',NULL,NULL,'443030',2,1,2,1,78),(1126,'1705072240049','NINIK SULISTIJOWATI','2011-02-17','Kediri','1983-05-01',NULL,NULL,'998677',2,2,2,21,79),(1127,'1705260270008','ELY FAUZIAH','2007-07-01','Sidoarjo','1985-04-07',NULL,NULL,'315601',2,1,2,2,98),(1128,'1705021800071','MEI ASMARANI','2006-08-01','Jombang','1982-08-10',NULL,NULL,'616375',2,2,2,11,74),(1129,'1705290270017','ERNAWATI','2004-01-17','Gresik','1981-07-26',NULL,NULL,'971684',2,2,2,2,101),(1130,'1705031840037','KHOLIFAH','2013-01-01','Bangkalan','1989-09-30',NULL,NULL,'626267',2,2,2,12,75),(1131,'1705280270018','SUWARNO','2010-07-01','Lamongan','1988-10-21',NULL,NULL,'438197',1,2,2,2,100),(1132,'1705291800018','PAIMAN','2009-08-01','Mojokerto','1979-08-25',NULL,NULL,'842034',1,1,2,11,101),(1133,'1705070200051','SRI WAHYUNI','2008-07-17','Lamongan','1987-07-15',NULL,NULL,'341586',2,2,2,1,79),(1134,'1705270200024','TANTRI MAHARANI','2007-01-22','Nganjuk','1988-08-15',NULL,NULL,'224618',2,2,2,1,99),(1135,'1705106150022','YOHANES SETIANTO','2011-03-07','Pamekasan','1982-10-11',NULL,NULL,'804116',1,2,2,42,82),(1136,'1705040200047','DESUTANDRY NASOFTI MARTHA','2008-01-02','Lamongan','1985-12-08',NULL,NULL,'913382',2,1,2,1,76),(1137,'1705258000045','JONALIS JOHANES','2008-07-07','Banyuwangi','1987-01-13',NULL,NULL,'246162',1,2,2,47,97),(1138,'1705600200062','MUJIATI','2009-07-07','Gresik','1990-10-09',NULL,NULL,'286500',2,1,2,1,102),(1139,'1705042200048','DJOKO BUDI WALUYO','2007-07-02','Kediri','1986-04-01',NULL,NULL,'726255',1,1,2,20,76),(1140,'1705272070025','UMI MACHMUDAH','2009-02-19','Sidoarjo','1984-11-02',NULL,NULL,'312429',2,2,2,16,99),(1141,'1705238100033','MUQIEMAH','2010-01-01','Pasir Belengkong','1986-01-08',NULL,NULL,'139842',2,1,2,48,95),(1142,'1705050200043','NGATENO','2006-01-02','Madiun','1980-06-11',NULL,NULL,'701251',1,1,2,1,77),(1143,'1705261800009','SUHENDI','2008-07-17','Lamongan','1986-07-25',NULL,NULL,'310640',1,1,2,11,98),(1144,'1724086150008','IMAM SUPRIYONO','2010-01-01','Probolinggo','1987-11-10',NULL,NULL,'628354',1,1,2,42,393),(1145,'1705040200051','HARTI WITIASTUTI','2007-03-01','Gresik','1984-12-31',NULL,NULL,'123670',2,1,2,1,76),(1146,'1705290270021','CHAIDAROH','2009-01-01','Gresik','1980-07-20',NULL,NULL,'977984',2,2,2,2,101),(1147,'1705248100037','NUR HIDAYATI','1978-04-01','Malang','1959-05-19',NULL,NULL,'256028',2,1,1,48,96),(1148,'1705030270041','ISROFAH','2006-11-16','NGAWI','1984-06-21',NULL,NULL,'388963',2,2,2,2,75),(1149,'1705602170064','MOHAMAD SUKIYONO','2007-10-22','Malang','1971-11-14',NULL,NULL,'542047',2,2,2,19,102),(1150,'1705070270052','SUPARDI','2007-07-10','Gresik','1985-04-10',NULL,NULL,'527040',1,1,2,2,79),(1151,'1716030970011','AGUSTININGSIH','2011-03-16','Jombang','1985-11-04',NULL,NULL,'969551',2,1,2,3,281),(1152,'1705288100021','RONNY SURYA WIJAYA','2012-12-01','Batu Putih','1986-05-08',NULL,NULL,'687677',1,1,2,48,100),(1153,'1705252240047','SUYONO','2002-01-23','Surabaya','1971-04-02',NULL,NULL,'592087',1,2,2,21,97),(1154,'1705072200053','FAIDAH','2010-01-01','Surabaya','1983-03-29',NULL,NULL,'922429',2,1,2,20,79),(1155,'1705600270065','GIGIEH ROESSAJANTO','2009-03-01','Kendal','1979-02-25',NULL,NULL,'626932',1,2,2,2,102),(1156,'1716610270026','LUTHE FERA MARIA','2008-07-01','Surabaya','1982-05-04',NULL,NULL,'111334',2,2,2,2,290),(1157,'1705045390053','AMINAH TUS ZUHRA','2009-01-02','MOJOKERTO','1990-05-26',NULL,NULL,'710375',2,1,2,39,76),(1158,'1705022200073','LAILATUL FAIZAH','2009-02-27','Pacitan','1981-11-02',NULL,NULL,'165367',2,2,2,20,74),(1159,'1705600270066','CHUSNUL CHOTIMAH','2008-01-01','Gresik','1985-03-20',NULL,NULL,'962759',2,1,2,2,102),(1160,'1705271560027','SRI ASTUTIK','2011-07-11','Sidoarjo','1985-07-17',NULL,NULL,'689387',2,2,2,6,99),(1161,'1705022240075','SRIWANI','2006-06-01','Sidoarjo','1981-05-03',NULL,NULL,'858079',2,1,2,21,74),(1162,'1705030200045','DESI KARTIKA FATMAWATI','2006-07-12','SURABAYA','1979-07-20',NULL,NULL,'322783',2,1,2,1,75),(1163,'1705031570046','NIGA BORA','2012-01-01','Nganjuk','1987-03-20',NULL,NULL,'537077',2,2,2,7,75),(1164,'1705071560054','TRIONO WAHYU SANTOSO','2010-07-12','Sidoarjo','1983-11-17',NULL,NULL,'847102',1,1,2,6,79),(1165,'1705290270023','SUDIBYO','2007-07-12','SURABAYA','1988-08-14',NULL,NULL,'117386',1,1,2,2,101),(1166,'1705132200043','SARMI','2008-07-10','Nganjuk','1986-02-28',NULL,NULL,'284518',2,2,2,20,85),(1167,'1734021900002','BANGUN PRAYITNO','2006-01-02','Madiun','1976-07-15',NULL,NULL,'684684',1,1,2,14,502),(1168,'1705051840045','KANAH','2008-07-01','Kediri','1984-12-22',NULL,NULL,'490564',2,1,2,12,77),(1169,'1716610200027','YATMO','2009-07-16','Sidoarjo','1985-11-19',NULL,NULL,'302787',1,1,2,1,290),(1170,'1705600270067','TINA ANDAWIYAH','2008-08-05','Madiun','1969-07-28',NULL,NULL,'301645',2,1,2,2,102),(1171,'1716610270028','PETRONELA WAYAQ','2009-03-28','Surabaya','1981-04-22',NULL,NULL,'668753',2,2,2,2,290),(1172,'1722036150022','TARYO','2004-12-13','Surabaya','1981-09-21',NULL,NULL,'779976',1,2,2,42,370),(1173,'1705050200046','HOZAIMAH','2008-07-17','Gresik','1988-07-09',NULL,NULL,'743775',2,2,2,1,77),(1174,'1705040200055','IPUK SRI SULASTRI','2007-07-12','Tuban','1986-01-14',NULL,NULL,'183622',2,1,2,1,76),(1175,'1716610270029','LILIK MUFIDAH','2014-06-01','BANTUL','1976-01-27',NULL,NULL,'542115',2,2,2,2,290),(1176,'1705132200044','SUTOMO','2006-07-01','Sidoarjo','1980-08-28',NULL,NULL,'150337',1,1,2,20,85),(1177,'1716100270017','GATOT MULYONO','2010-07-12','Lumajang','1989-10-20',NULL,NULL,'302096',1,1,2,2,286),(1178,'1716600270023','ELI SUNARSIH','2009-04-01','Malang','1983-07-09',NULL,NULL,'995338',2,2,2,2,289),(1179,'1705132200045','YULITA DELIMA DHAMBO','2010-01-02','Mojokerto','1986-01-11',NULL,NULL,'825010',2,1,2,20,85),(1180,'1724044030011','AVINA','2006-07-13','Losari Brebes','1974-06-13',NULL,NULL,'316455',2,1,2,23,389),(1181,'1705031560049','NUR SAADAH','2009-01-02','Mojokerto','1990-08-08',NULL,NULL,'990981',2,1,2,6,75),(1182,'1705070200055','HADI CAHYONO','2007-08-01','Mojokerto','1989-04-30',NULL,NULL,'419063',1,2,2,1,79),(1183,'1705021570077','DJUDJUK HERU SUBROTO','2009-01-28','Boyolali','1982-09-03',NULL,NULL,'221829',1,1,2,7,74),(1184,'1705600200072','MAFTUHAH','2009-07-13','Gresik','1983-03-27',NULL,NULL,'594692',2,2,2,1,102),(1185,'1705600270073','KORNELIS MAHA','2010-01-20','Klaten','1980-12-27',NULL,NULL,'620695',1,1,2,2,102),(1186,'1705050200047','JUANAH','2008-07-13','Mojokerto','1984-05-27',NULL,NULL,'131969',2,2,2,1,77),(1187,'1705020270079','ARY SOESANTO','2010-07-12','Sidoarjo','1986-06-07',NULL,NULL,'503484',1,1,2,2,74),(1188,'1705291800024','alpiana siti nurbulan','2013-09-23','Tuban','1988-03-23',NULL,NULL,'281355',2,1,2,11,101),(1189,'1716011570023','NICODEMUS NONO LEDI','2010-02-01','Makale','1987-05-01',NULL,NULL,'725858',1,2,2,7,279),(1190,'1722056150023','SUMARSIH','2006-07-01','Blitar','1986-07-22',NULL,NULL,'187750',2,1,2,42,372),(1191,'1716031560012','LILIK CASIDI','2009-05-01','Sidoarjo','1976-10-20',NULL,NULL,'278668',1,1,2,6,281),(1192,'1705202200021','HASUN DAMIANUS','2010-03-23','Pangandaran','1979-01-01',NULL,NULL,'185977',1,1,2,20,92),(1193,'1705600270074','FITRI DAMAYANTI','2007-01-01','Sampang','1988-09-20',NULL,NULL,'525041',2,1,2,2,102),(1194,'1705028100081','AGUSTINA','2009-04-01','Sragen','1975-05-07',NULL,NULL,'995641',2,2,2,48,74),(1195,'1705640970005','SITI MA\'RUFAH','2010-04-01','Blitar','1984-03-30',NULL,NULL,'609120',2,1,2,3,106),(1196,'1705148000036','SITI ZULAIKHA','2007-09-10','Nganjuk','1982-07-13',NULL,NULL,'132716',2,1,2,47,86),(1197,'1734021560008','MOCHAMAD BADERI','2008-04-01','Surabaya','1974-10-18',NULL,NULL,'498982',1,2,2,6,502),(1198,'1705010200034','RIBUT LESTARI','2008-07-14','Sidoarjo','1979-12-01',NULL,NULL,'251328',2,1,2,1,73),(1199,'1705600270075','GHOZALI AZIS','2008-01-02','Sido Mukti','1983-10-21',NULL,NULL,'224429',1,2,2,2,102),(1200,'1716020200023','DJOKO SUTRISNO','2007-05-01','Lamongan','1983-05-08',NULL,NULL,'809831',1,1,2,1,280),(1201,'1716110270017','NINIK IKAWANTI','2014-06-01','Malang','1974-03-03',NULL,NULL,'779175',2,2,2,2,287),(1202,'1705020200083','SUTIKNO','2009-01-01','Gresik','1981-07-23',NULL,NULL,'585885',1,2,2,1,74),(1203,'1716020200024','SUBIJANTO','2006-02-10','Bunyu','1968-09-02',NULL,NULL,'520292',1,1,2,1,280),(1204,'1705020270084','NUR AFIFAH','2014-03-01','Petung','1989-11-16',NULL,NULL,'837747',2,1,2,2,74),(1205,'1705022200085','NUNIK YULIYANTI','2014-03-01','Balikpapan','1992-01-18',NULL,NULL,'356244',2,1,2,20,74),(1206,'1716610270032','DYAH KUSRINI','2014-06-01','Pamekasan','1974-07-16',NULL,NULL,'374459',2,1,2,2,290),(1207,'1705614240049','IRAWAN PUDJA HARDJANA','2009-04-01','Babulu Darat','1982-03-06',NULL,NULL,'954753',1,1,2,26,103),(1208,'1734010200021','NENING SETIAWATI','2006-08-01','Kediri','1982-07-22',NULL,NULL,'776730',2,2,2,1,501),(1209,'1705080200032','ERMIN HARYANTI','2009-07-17','Surabaya','1984-10-06',NULL,NULL,'847083',2,2,2,1,80),(1210,'1705011570035','NUR SAADAH','2009-01-02','Sidoarjo','1975-05-17',NULL,NULL,'811262',2,1,2,7,73),(1211,'1716610970033','ENDAH HANDRMIYATI','2008-04-15','Sidoarjo','1969-06-16',NULL,NULL,'740344',2,2,2,3,290);
/*!40000 ALTER TABLE `peserta` ENABLE KEYS */;
UNLOCK TABLES;
/*!40103 SET TIME_ZONE=@OLD_TIME_ZONE */;

/*!40101 SET SQL_MODE=@OLD_SQL_MODE */;
/*!40014 SET FOREIGN_KEY_CHECKS=@OLD_FOREIGN_KEY_CHECKS */;
/*!40014 SET UNIQUE_CHECKS=@OLD_UNIQUE_CHECKS */;
/*!40101 SET CHARACTER_SET_CLIENT=@OLD_CHARACTER_SET_CLIENT */;
/*!40101 SET CHARACTER_SET_RESULTS=@OLD_CHARACTER_SET_RESULTS */;
/*!40101 SET COLLATION_CONNECTION=@OLD_COLLATION_CONNECTION */;
/*!40111 SET SQL_NOTES=@OLD_SQL_NOTES */;

-- Dump completed on 2021-02-12 23:40:02
